Transaction_ID,Date,Customer_ID,Product,Quantity,Price,Total_Amount,Shipping_Cost,Region
TRANS_1,2024-09-15,CUST_88,Product_11,2,167.24,334.48,8.95,New Hampshire
TRANS_2,2024-10-15,CUST_4,Product_1,4,78.03,312.12,18.36,Louisiana
TRANS_3,2024-07-03,CUST_6,Product_4,1,87.13,87.13,9.54,New Hampshire
TRANS_4,2024-11-20,CUST_34,Product_20,2,137.99,275.98,8.96,Oregon
TRANS_5,2024-09-12,CUST_10,Product_11,3,196.96,590.88,15.75,North Dakota
TRANS_6,2024-11-04,CUST_59,Product_12,2,183.67,367.34,15.98,Mississippi
TRANS_7,2024-06-02,CUST_1,Product_2,1,153.82,153.82,10.01,Tennessee
TRANS_8,2024-03-17,CUST_42,Product_16,2,143.97,287.94,8.36,North Carolina
TRANS_9,2024-01-29,CUST_52,Product_13,3,33.42,100.26,8.51,New Hampshire
TRANS_10,2024-04-26,CUST_22,Product_20,1,197.8,197.8,8.91,Pennsylvania
TRANS_11,2024-03-24,CUST_58,Product_10,2,108.37,216.74,9.61,Pennsylvania
TRANS_12,2024-04-08,CUST_100,Product_11,2,131.82,263.64,19.88,New York
TRANS_13,2024-11-28,CUST_73,Product_14,4,101.56,406.24,13.01,Pennsylvania
TRANS_14,2024-01-06,CUST_34,Product_4,3,175.53,526.59,10.01,Delaware
TRANS_15,2024-01-29,CUST_41,Product_12,3,137.49,412.47,7.04,Missouri
TRANS_16,2024-08-10,CUST_26,Product_11,5,46.33,231.65,11.15,Michigan
TRANS_17,2024-06-03,CUST_44,Product_15,2,99.12,198.24,17.37,North Dakota
TRANS_18,2024-02-06,CUST_84,Product_18,5,65.38,326.9,5.08,Ohio
TRANS_19,2024-11-26,CUST_17,Product_6,2,131.24,262.48,13.54,California
TRANS_20,2024-02-03,CUST_32,Product_6,5,35.36,176.8,18.31,Arizona
TRANS_21,2024-08-29,CUST_55,Product_4,4,80.93,323.72,7.17,Virginia
TRANS_22,2024-09-25,CUST_85,Product_6,1,153.45,153.45,7.52,Maine
TRANS_23,2024-01-08,CUST_13,Product_15,1,121.85,121.85,6.01,North Dakota
TRANS_24,2024-09-20,CUST_61,Product_10,5,161.32,806.6,5.34,Indiana
TRANS_25,2024-10-25,CUST_58,Product_11,5,29.11,145.55,12.5,Rhode Island
TRANS_26,2024-10-13,CUST_93,Product_10,2,186.79,373.58,13.83,Nebraska
TRANS_27,2024-11-20,CUST_35,Product_18,2,174.38,348.76,18.71,Maine
TRANS_28,2024-05-29,CUST_44,Product_2,4,156.04,624.16,9.65,Kentucky
TRANS_29,2024-02-22,CUST_89,Product_10,2,97.49,194.98,14.98,Nebraska
TRANS_30,2024-09-08,CUST_98,Product_9,2,64.67,129.34,17.82,Tennessee
TRANS_31,2024-01-05,CUST_58,Product_17,1,19.76,19.76,13.24,Connecticut
TRANS_32,2024-10-28,CUST_46,Product_17,1,154.15,154.15,9.17,South Carolina
TRANS_33,2024-06-22,CUST_59,Product_5,4,181.46,725.84,6.99,California
TRANS_34,2024-08-11,CUST_76,Product_6,2,30.94,61.88,9.87,New Mexico
TRANS_35,2024-01-04,CUST_79,Product_6,2,14.11,28.22,5.59,Delaware
TRANS_36,2024-09-27,CUST_20,Product_11,4,163.73,654.92,5.94,Montana
TRANS_37,2024-04-12,CUST_100,Product_2,2,40.2,80.4,19.51,Oklahoma
TRANS_38,2024-09-03,CUST_45,Product_8,1,184.06,184.06,9.22,Nebraska
TRANS_39,2024-01-28,CUST_65,Product_7,3,73.09,219.27,16.43,Massachusetts
TRANS_40,2024-07-03,CUST_24,Product_3,2,97.77,195.54,19.11,Illinois
TRANS_41,2024-04-23,CUST_63,Product_14,3,153.07,459.21,14.17,South Carolina
TRANS_42,2024-01-20,CUST_14,Product_16,4,47.47,189.88,17.99,Wyoming
TRANS_43,2024-08-25,CUST_82,Product_20,4,69.85,279.4,6.94,Montana
TRANS_44,2024-08-20,CUST_45,Product_7,3,111.28,333.84,13.32,Indiana
TRANS_45,2024-04-30,CUST_86,Product_17,5,72.36,361.8,12.38,Indiana
TRANS_46,2024-07-18,CUST_95,Product_3,5,171.23,856.15,14.03,New Mexico
TRANS_47,2024-03-17,CUST_8,Product_16,2,160.24,320.48,17.19,Colorado
TRANS_48,2024-09-11,CUST_65,Product_19,1,143.83,143.83,13.14,Texas
TRANS_49,2024-06-14,CUST_18,Product_17,4,67.2,268.8,11.1,Idaho
TRANS_50,2024-05-06,CUST_31,Product_19,4,95.86,383.44,15.72,Virginia
TRANS_51,2024-04-15,CUST_43,Product_3,4,89.52,358.08,19.34,Delaware
TRANS_52,2024-06-14,CUST_15,Product_2,4,94.7,378.8,18.8,Michigan
TRANS_53,2024-08-19,CUST_19,Product_13,4,46.5,186.0,8.02,Hawaii
TRANS_54,2024-02-11,CUST_66,Product_4,1,103.88,103.88,12.25,Oregon
TRANS_55,2024-03-25,CUST_26,Product_14,4,183.06,732.24,16.41,Texas
TRANS_56,2024-02-24,CUST_93,Product_16,3,110.63,331.89,5.38,Arkansas
TRANS_57,2024-06-27,CUST_36,Product_15,2,99.35,198.7,9.33,South Carolina
TRANS_58,2024-11-04,CUST_22,Product_2,3,139.49,418.47,12.33,Wisconsin
TRANS_59,2024-06-24,CUST_99,Product_20,4,155.43,621.72,16.67,Alaska
TRANS_60,2024-04-27,CUST_53,Product_11,4,41.25,165.0,13.37,Nevada
TRANS_61,2024-02-08,CUST_42,Product_14,4,154.6,618.4,9.18,Iowa
TRANS_62,2024-11-23,CUST_44,Product_14,3,27.99,83.97,6.77,Indiana
TRANS_63,2024-07-23,CUST_80,Product_12,1,115.82,115.82,6.31,California
TRANS_64,2024-05-30,CUST_64,Product_13,4,174.63,698.52,8.88,Arkansas
TRANS_65,2024-09-05,CUST_56,Product_14,2,12.12,24.24,15.92,Wisconsin
TRANS_66,2024-04-06,CUST_59,Product_9,3,163.3,489.9,13.74,Massachusetts
TRANS_67,2024-05-22,CUST_27,Product_2,2,68.24,136.48,12.73,South Dakota
TRANS_68,2024-07-14,CUST_20,Product_20,5,135.63,678.15,7.46,Nebraska
TRANS_69,2024-06-14,CUST_71,Product_14,1,162.96,162.96,10.72,Ohio
TRANS_70,2024-02-22,CUST_9,Product_1,5,108.73,543.65,13.52,Wisconsin
TRANS_71,2024-11-04,CUST_85,Product_10,4,154.15,616.6,5.7,Connecticut
TRANS_72,2024-02-13,CUST_82,Product_3,1,53.66,53.66,16.36,New Jersey
TRANS_73,2024-02-08,CUST_50,Product_13,1,87.36,87.36,15.66,Texas
TRANS_74,2024-01-03,CUST_39,Product_9,3,197.22,591.66,7.11,Alabama
TRANS_75,2024-11-04,CUST_28,Product_5,3,136.76,410.28,18.85,Ohio
TRANS_76,2024-07-05,CUST_43,Product_19,2,163.9,327.8,6.29,Maine
TRANS_77,2024-08-04,CUST_80,Product_3,2,49.16,98.32,13.76,New Hampshire
TRANS_78,2024-07-12,CUST_98,Product_4,5,138.01,690.05,17.83,Wyoming
TRANS_79,2024-07-09,CUST_81,Product_20,4,184.87,739.48,6.49,Hawaii
TRANS_80,2024-02-17,CUST_39,Product_4,3,76.25,228.75,5.49,Louisiana
TRANS_81,2024-10-16,CUST_61,Product_12,5,100.81,504.05,16.53,Missouri
TRANS_82,2024-05-11,CUST_96,Product_7,4,12.31,49.24,19.03,New Jersey
TRANS_83,2024-03-24,CUST_50,Product_17,3,56.2,168.6,15.19,New Mexico
TRANS_84,2024-11-27,CUST_85,Product_15,1,191.42,191.42,9.28,Virginia
TRANS_85,2024-01-05,CUST_37,Product_11,1,26.49,26.49,10.85,North Dakota
TRANS_86,2024-04-16,CUST_57,Product_15,4,87.69,350.76,13.89,New Jersey
TRANS_87,2024-10-01,CUST_99,Product_9,1,105.06,105.06,15.19,Colorado
TRANS_88,2024-10-14,CUST_79,Product_8,5,38.51,192.55,6.08,North Carolina
TRANS_89,2024-05-21,CUST_58,Product_19,1,62.29,62.29,9.15,South Carolina
TRANS_90,2024-05-30,CUST_100,Product_1,4,110.29,441.16,11.69,South Dakota
TRANS_91,2024-05-27,CUST_72,Product_10,5,77.14,385.7,18.53,Montana
TRANS_92,2024-08-07,CUST_59,Product_14,1,13.38,13.38,13.53,Massachusetts
TRANS_93,2024-08-05,CUST_5,Product_3,4,83.97,335.88,9.53,Pennsylvania
TRANS_94,2024-10-20,CUST_76,Product_19,2,139.24,278.48,13.27,Indiana
TRANS_95,2024-03-31,CUST_44,Product_6,3,78.64,235.92,10.0,Idaho
TRANS_96,2024-01-10,CUST_50,Product_17,1,182.77,182.77,9.76,Delaware
TRANS_97,2024-02-27,CUST_34,Product_9,4,198.9,795.6,10.22,West Virginia
TRANS_98,2024-01-04,CUST_16,Product_18,1,97.14,97.14,16.13,Washington
TRANS_99,2024-09-08,CUST_20,Product_1,1,186.44,186.44,16.3,New Mexico
TRANS_100,2024-05-14,CUST_65,Product_13,1,122.99,122.99,10.42,Pennsylvania
TRANS_101,2024-06-17,CUST_58,Product_3,4,74.5,298.0,7.52,Massachusetts
TRANS_102,2024-05-28,CUST_76,Product_13,2,54.7,109.4,10.72,Montana
TRANS_103,2024-11-21,CUST_40,Product_1,2,107.52,215.04,15.22,South Carolina
TRANS_104,2024-06-30,CUST_88,Product_5,5,27.11,135.55,16.31,Alaska
TRANS_105,2024-04-30,CUST_15,Product_5,3,67.85,203.55,19.03,Mississippi
TRANS_106,2024-06-17,CUST_25,Product_1,2,184.59,369.18,9.26,Colorado
TRANS_107,2024-07-24,CUST_75,Product_18,3,117.13,351.39,10.85,Wyoming
TRANS_108,2024-11-10,CUST_83,Product_12,5,183.98,919.9,15.41,California
TRANS_109,2024-09-29,CUST_54,Product_10,4,10.22,40.88,5.37,Delaware
TRANS_110,2024-04-18,CUST_15,Product_10,5,26.08,130.4,8.03,New Jersey
TRANS_111,2024-04-14,CUST_33,Product_20,1,27.01,27.01,17.13,Wisconsin
TRANS_112,2024-08-25,CUST_43,Product_2,2,142.06,284.12,14.5,Mississippi
TRANS_113,2024-07-23,CUST_73,Product_11,5,118.17,590.85,11.39,Alabama
TRANS_114,2024-09-21,CUST_49,Product_12,4,76.74,306.96,19.82,Georgia
TRANS_115,2024-04-05,CUST_51,Product_19,1,108.85,108.85,8.71,Rhode Island
TRANS_116,2024-09-05,CUST_12,Product_6,2,167.43,334.86,18.82,Oregon
TRANS_117,2024-05-15,CUST_36,Product_11,1,49.93,49.93,19.51,South Carolina
TRANS_118,2024-10-21,CUST_30,Product_3,5,117.05,585.25,14.7,Virginia
TRANS_119,2024-10-16,CUST_82,Product_14,1,61.3,61.3,12.24,Vermont
TRANS_120,2024-11-05,CUST_65,Product_17,3,12.02,36.06,13.73,Tennessee
TRANS_121,2024-07-15,CUST_92,Product_17,3,162.75,488.25,11.79,Illinois
TRANS_122,2024-02-07,CUST_35,Product_19,3,105.83,317.49,11.06,Texas
TRANS_123,2024-03-26,CUST_100,Product_10,5,52.57,262.85,8.88,Missouri
TRANS_124,2024-11-12,CUST_34,Product_10,1,33.63,33.63,10.28,Virginia
TRANS_125,2024-04-13,CUST_66,Product_9,3,171.47,514.41,5.7,Texas
TRANS_126,2024-10-26,CUST_76,Product_5,3,186.97,560.91,8.28,Florida
TRANS_127,2024-06-24,CUST_66,Product_5,5,116.69,583.45,9.19,Alabama
TRANS_128,2024-07-07,CUST_82,Product_19,4,47.84,191.36,10.58,Maryland
TRANS_129,2024-10-06,CUST_87,Product_10,4,101.85,407.4,13.45,Hawaii
TRANS_130,2024-04-05,CUST_22,Product_2,4,186.05,744.2,8.1,Massachusetts
TRANS_131,2024-10-14,CUST_30,Product_11,2,33.34,66.68,10.73,Vermont
TRANS_132,2024-09-05,CUST_2,Product_17,1,70.91,70.91,8.7,Iowa
TRANS_133,2024-03-07,CUST_20,Product_8,1,174.68,174.68,10.38,New Jersey
TRANS_134,2024-09-15,CUST_32,Product_6,1,184.19,184.19,12.54,Texas
TRANS_135,2024-10-21,CUST_65,Product_5,1,189.77,189.77,12.35,Tennessee
TRANS_136,2024-01-08,CUST_95,Product_8,4,118.47,473.88,5.55,Utah
TRANS_137,2024-03-13,CUST_49,Product_5,4,67.35,269.4,7.07,Delaware
TRANS_138,2024-03-31,CUST_30,Product_19,3,65.82,197.46,14.85,Massachusetts
TRANS_139,2024-08-30,CUST_43,Product_2,2,122.49,244.98,19.85,Alaska
TRANS_140,2024-07-24,CUST_76,Product_14,3,97.21,291.63,11.74,Kentucky
TRANS_141,2024-01-26,CUST_83,Product_5,3,63.15,189.45,19.28,New Mexico
TRANS_142,2024-08-28,CUST_29,Product_17,2,92.41,184.82,10.13,Nebraska
TRANS_143,2024-11-22,CUST_44,Product_17,3,56.31,168.93,16.26,Arizona
TRANS_144,2024-02-19,CUST_89,Product_11,2,132.56,265.12,11.97,Arizona
TRANS_145,2024-09-29,CUST_43,Product_12,4,84.79,339.16,13.79,Kansas
TRANS_146,2024-10-19,CUST_80,Product_10,5,147.28,736.4,11.23,North Dakota
TRANS_147,2024-02-21,CUST_96,Product_1,4,22.99,91.96,10.54,Hawaii
TRANS_148,2024-02-03,CUST_62,Product_1,5,121.54,607.7,10.83,Illinois
TRANS_149,2024-03-02,CUST_47,Product_20,3,50.94,152.82,6.37,Rhode Island
TRANS_150,2024-02-08,CUST_69,Product_1,4,45.48,181.92,9.91,New York
TRANS_151,2024-08-09,CUST_28,Product_6,2,133.92,267.84,10.22,Idaho
TRANS_152,2024-09-19,CUST_84,Product_10,2,194.1,388.2,19.65,Louisiana
TRANS_153,2024-02-16,CUST_40,Product_18,5,97.24,486.2,6.97,Arkansas
TRANS_154,2024-03-13,CUST_79,Product_4,5,185.24,926.2,17.38,Arizona
TRANS_155,2024-07-04,CUST_63,Product_12,5,189.28,946.4,16.62,Georgia
TRANS_156,2024-08-05,CUST_86,Product_9,2,189.26,378.52,5.3,Georgia
TRANS_157,2024-02-02,CUST_2,Product_16,1,72.34,72.34,13.62,New Jersey
TRANS_158,2024-01-06,CUST_62,Product_12,2,133.38,266.76,18.5,Arkansas
TRANS_159,2024-04-19,CUST_86,Product_6,3,153.62,460.86,10.35,Connecticut
TRANS_160,2024-03-02,CUST_9,Product_3,5,28.0,140.0,9.58,Illinois
TRANS_161,2024-10-15,CUST_59,Product_4,4,199.96,799.84,18.95,Wisconsin
TRANS_162,2024-08-04,CUST_77,Product_10,2,138.8,277.6,12.11,New Mexico
TRANS_163,2024-03-27,CUST_87,Product_13,2,55.31,110.62,9.37,Kentucky
TRANS_164,2024-01-18,CUST_85,Product_16,1,49.49,49.49,5.74,Colorado
TRANS_165,2024-02-22,CUST_85,Product_16,4,59.95,239.8,5.98,Delaware
TRANS_166,2024-09-30,CUST_42,Product_6,3,138.79,416.37,14.81,Virginia
TRANS_167,2024-04-02,CUST_53,Product_7,5,141.79,708.95,5.54,Wisconsin
TRANS_168,2024-07-25,CUST_37,Product_12,2,74.84,149.68,18.61,Pennsylvania
TRANS_169,2024-10-23,CUST_92,Product_2,2,84.0,168.0,11.64,Texas
TRANS_170,2024-07-19,CUST_4,Product_17,5,72.36,361.8,10.42,Indiana
TRANS_171,2024-03-12,CUST_16,Product_19,1,35.98,35.98,15.48,New Jersey
TRANS_172,2024-07-16,CUST_93,Product_5,1,30.19,30.19,18.06,Vermont
TRANS_173,2024-07-25,CUST_24,Product_12,5,196.65,983.25,18.11,Pennsylvania
TRANS_174,2024-07-20,CUST_19,Product_13,5,167.68,838.4,9.15,New Hampshire
TRANS_175,2024-02-18,CUST_18,Product_9,1,10.98,10.98,11.6,Mississippi
TRANS_176,2024-11-26,CUST_53,Product_12,3,175.07,525.21,12.25,Florida
TRANS_177,2024-03-08,CUST_78,Product_2,2,72.43,144.86,8.98,Pennsylvania
TRANS_178,2024-11-30,CUST_55,Product_11,5,75.02,375.1,18.05,Indiana
TRANS_179,2024-03-30,CUST_95,Product_11,4,180.3,721.2,19.77,Nevada
TRANS_180,2024-01-13,CUST_52,Product_4,5,126.01,630.05,6.86,Washington
TRANS_181,2024-04-08,CUST_73,Product_1,3,122.41,367.23,19.58,Iowa
TRANS_182,2024-08-22,CUST_70,Product_13,4,82.38,329.52,17.03,Nebraska
TRANS_183,2024-03-25,CUST_27,Product_13,1,121.92,121.92,7.17,Tennessee
TRANS_184,2024-01-26,CUST_98,Product_16,5,176.36,881.8,7.8,California
TRANS_185,2024-05-07,CUST_65,Product_18,4,195.85,783.4,17.36,Vermont
TRANS_186,2024-06-10,CUST_26,Product_16,2,180.94,361.88,12.84,Maine
TRANS_187,2024-02-20,CUST_65,Product_11,3,150.55,451.65,11.08,Massachusetts
TRANS_188,2024-06-22,CUST_71,Product_13,4,134.24,536.96,12.01,North Dakota
TRANS_189,2024-01-31,CUST_64,Product_19,2,124.69,249.38,8.86,Minnesota
TRANS_190,2024-10-31,CUST_77,Product_1,2,26.16,52.32,17.72,Arizona
TRANS_191,2024-04-22,CUST_14,Product_1,4,82.4,329.6,15.48,Maryland
TRANS_192,2024-08-01,CUST_91,Product_6,2,138.27,276.54,12.18,Georgia
TRANS_193,2024-10-03,CUST_53,Product_3,4,144.18,576.72,10.92,Massachusetts
TRANS_194,2024-11-13,CUST_38,Product_20,4,14.25,57.0,14.01,Tennessee
TRANS_195,2024-08-30,CUST_58,Product_15,4,68.44,273.76,9.06,North Dakota
TRANS_196,2024-01-31,CUST_34,Product_9,5,187.05,935.25,17.4,Idaho
TRANS_197,2024-04-10,CUST_55,Product_9,5,112.24,561.2,8.87,West Virginia
TRANS_198,2024-11-13,CUST_33,Product_17,3,76.06,228.18,9.14,Alabama
TRANS_199,2024-05-20,CUST_1,Product_12,4,166.9,667.6,14.09,Arkansas
TRANS_200,2024-08-16,CUST_50,Product_3,1,16.45,16.45,9.0,Tennessee
TRANS_201,2024-10-14,CUST_56,Product_9,2,64.78,129.56,8.04,Alaska
TRANS_202,2024-05-21,CUST_22,Product_3,5,45.16,225.8,6.5,Illinois
TRANS_203,2024-11-22,CUST_96,Product_11,2,155.74,311.48,14.19,South Dakota
TRANS_204,2024-04-13,CUST_66,Product_18,3,186.77,560.31,19.25,California
TRANS_205,2024-04-06,CUST_76,Product_1,2,53.67,107.34,9.71,South Carolina
TRANS_206,2024-11-20,CUST_61,Product_14,2,15.46,30.92,12.0,Idaho
TRANS_207,2024-10-07,CUST_4,Product_19,4,28.57,114.28,19.97,Indiana
TRANS_208,2024-11-30,CUST_17,Product_2,5,14.76,73.8,18.54,Alaska
TRANS_209,2024-08-03,CUST_4,Product_11,1,95.9,95.9,10.16,Michigan
TRANS_210,2024-01-19,CUST_79,Product_13,3,108.1,324.3,8.88,Rhode Island
TRANS_211,2024-05-01,CUST_79,Product_10,4,86.73,346.92,11.59,Nebraska
TRANS_212,2024-07-31,CUST_32,Product_17,2,145.79,291.58,14.53,Missouri
TRANS_213,2024-01-30,CUST_34,Product_20,4,181.15,724.6,15.77,Arkansas
TRANS_214,2024-04-14,CUST_69,Product_19,4,37.33,149.32,18.23,South Dakota
TRANS_215,2024-08-19,CUST_7,Product_16,2,41.94,83.88,12.98,Oregon
TRANS_216,2024-09-29,CUST_75,Product_5,2,141.19,282.38,12.24,Idaho
TRANS_217,2024-08-04,CUST_98,Product_9,1,48.5,48.5,16.72,Texas
TRANS_218,2024-05-23,CUST_56,Product_10,3,52.45,157.35,12.2,Connecticut
TRANS_219,2024-08-23,CUST_49,Product_2,4,145.46,581.84,5.11,Washington
TRANS_220,2024-03-30,CUST_51,Product_2,1,44.58,44.58,15.3,California
TRANS_221,2024-02-18,CUST_65,Product_14,1,103.1,103.1,18.61,North Dakota
TRANS_222,2024-04-18,CUST_90,Product_6,1,167.93,167.93,9.57,North Dakota
TRANS_223,2024-03-18,CUST_49,Product_17,5,109.68,548.4,7.56,New Jersey
TRANS_224,2024-10-08,CUST_6,Product_14,3,108.98,326.94,16.64,Michigan
TRANS_225,2024-02-01,CUST_7,Product_16,5,60.67,303.35,7.01,Iowa
TRANS_226,2024-03-10,CUST_64,Product_13,3,138.1,414.3,19.3,Maine
TRANS_227,2024-10-09,CUST_80,Product_1,3,55.72,167.16,6.54,Montana
TRANS_228,2024-04-10,CUST_67,Product_9,5,133.69,668.45,13.78,Indiana
TRANS_229,2024-05-16,CUST_44,Product_19,1,45.94,45.94,16.81,Connecticut
TRANS_230,2024-04-03,CUST_93,Product_9,2,158.24,316.48,7.09,Rhode Island
TRANS_231,2024-02-28,CUST_59,Product_19,5,104.01,520.05,14.85,Nebraska
TRANS_232,2024-09-03,CUST_7,Product_11,4,140.84,563.36,10.79,West Virginia
TRANS_233,2024-01-26,CUST_65,Product_16,5,85.55,427.75,19.07,South Dakota
TRANS_234,2024-06-07,CUST_70,Product_2,5,156.88,784.4,15.64,Maine
TRANS_235,2024-08-26,CUST_59,Product_1,2,92.13,184.26,18.22,Minnesota
TRANS_236,2024-04-12,CUST_51,Product_18,3,54.18,162.54,8.23,Arizona
TRANS_237,2024-04-13,CUST_78,Product_14,2,167.6,335.2,14.39,Connecticut
TRANS_238,2024-03-20,CUST_30,Product_12,5,40.86,204.3,6.15,New Jersey
TRANS_239,2024-03-31,CUST_58,Product_3,4,60.74,242.96,17.81,South Carolina
TRANS_240,2024-08-24,CUST_91,Product_10,3,17.15,51.45,12.6,Texas
TRANS_241,2024-04-13,CUST_19,Product_4,4,122.07,488.28,15.41,Georgia
TRANS_242,2024-11-01,CUST_97,Product_3,2,127.61,255.22,10.01,New York
TRANS_243,2024-09-19,CUST_13,Product_19,3,172.31,516.93,7.03,South Dakota
TRANS_244,2024-06-21,CUST_73,Product_13,3,145.44,436.32,14.09,Washington
TRANS_245,2024-11-01,CUST_6,Product_6,4,66.26,265.04,19.75,New York
TRANS_246,2024-08-05,CUST_24,Product_8,5,67.22,336.1,10.11,Hawaii
TRANS_247,2024-05-22,CUST_71,Product_11,5,184.81,924.05,12.08,Texas
TRANS_248,2024-04-18,CUST_24,Product_13,1,188.51,188.51,5.27,Illinois
TRANS_249,2024-02-08,CUST_18,Product_16,2,74.75,149.5,20.0,Delaware
TRANS_250,2024-06-06,CUST_76,Product_17,5,47.37,236.85,18.41,Louisiana
TRANS_251,2024-03-10,CUST_39,Product_18,2,138.87,277.74,14.07,New Mexico
TRANS_252,2024-08-05,CUST_36,Product_3,3,10.85,32.55,9.56,Tennessee
TRANS_253,2024-10-07,CUST_46,Product_1,3,189.17,567.51,12.71,Delaware
TRANS_254,2024-07-21,CUST_73,Product_15,2,68.55,137.1,17.05,Delaware
TRANS_255,2024-03-15,CUST_13,Product_4,2,71.29,142.58,12.0,Iowa
TRANS_256,2024-05-23,CUST_43,Product_15,4,126.95,507.8,6.77,Oregon
TRANS_257,2024-11-19,CUST_52,Product_5,2,20.61,41.22,6.21,New York
TRANS_258,2024-05-02,CUST_42,Product_5,2,14.86,29.72,9.64,New Jersey
TRANS_259,2024-02-06,CUST_17,Product_18,2,44.13,88.26,11.43,Florida
TRANS_260,2024-07-18,CUST_15,Product_7,2,103.5,207.0,16.3,Missouri
TRANS_261,2024-06-08,CUST_42,Product_20,5,19.38,96.9,16.98,South Dakota
TRANS_262,2024-09-16,CUST_4,Product_12,4,91.63,366.52,9.9,Washington
TRANS_263,2024-07-16,CUST_92,Product_18,2,104.61,209.22,14.28,New Mexico
TRANS_264,2024-11-17,CUST_74,Product_20,3,197.94,593.82,6.28,West Virginia
TRANS_265,2024-03-10,CUST_4,Product_6,2,129.44,258.88,7.03,New York
TRANS_266,2024-05-02,CUST_8,Product_5,1,11.34,11.34,7.89,Indiana
TRANS_267,2024-08-21,CUST_68,Product_17,4,57.62,230.48,18.05,Washington
TRANS_268,2024-07-04,CUST_47,Product_17,2,79.91,159.82,13.36,Hawaii
TRANS_269,2024-06-29,CUST_35,Product_10,4,74.45,297.8,14.25,Alabama
TRANS_270,2024-04-13,CUST_26,Product_6,5,143.36,716.8,12.69,Iowa
TRANS_271,2024-09-23,CUST_55,Product_19,4,29.78,119.12,8.07,West Virginia
TRANS_272,2024-08-25,CUST_70,Product_6,5,61.85,309.25,6.22,Oregon
TRANS_273,2024-06-25,CUST_8,Product_1,1,43.55,43.55,12.93,Minnesota
TRANS_274,2024-05-06,CUST_14,Product_5,4,77.13,308.52,5.36,Colorado
TRANS_275,2024-08-27,CUST_20,Product_18,3,128.85,386.55,10.52,Illinois
TRANS_276,2024-01-19,CUST_26,Product_7,3,102.12,306.36,14.89,Utah
TRANS_277,2024-08-31,CUST_26,Product_2,3,88.18,264.54,14.57,West Virginia
TRANS_278,2024-01-28,CUST_33,Product_9,2,63.82,127.64,13.39,Connecticut
TRANS_279,2024-01-20,CUST_34,Product_17,2,173.44,346.88,7.53,New Hampshire
TRANS_280,2024-02-08,CUST_84,Product_18,5,168.85,844.25,7.84,Michigan
TRANS_281,2024-01-21,CUST_29,Product_5,3,55.99,167.97,6.86,New Mexico
TRANS_282,2024-01-01,CUST_20,Product_15,4,194.0,776.0,16.32,Alaska
TRANS_283,2024-02-28,CUST_81,Product_7,2,57.61,115.22,12.04,Vermont
TRANS_284,2024-08-23,CUST_92,Product_4,1,91.99,91.99,5.31,South Carolina
TRANS_285,2024-07-06,CUST_53,Product_9,1,167.85,167.85,19.33,New Jersey
TRANS_286,2024-10-20,CUST_51,Product_9,5,134.01,670.05,12.12,Virginia
TRANS_287,2024-10-19,CUST_72,Product_9,2,130.25,260.5,17.39,Wisconsin
TRANS_288,2024-04-24,CUST_59,Product_11,2,141.83,283.66,9.86,New Jersey
TRANS_289,2024-04-12,CUST_82,Product_1,4,125.45,501.8,8.34,Illinois
TRANS_290,2024-08-05,CUST_5,Product_11,5,40.72,203.6,14.29,Massachusetts
TRANS_291,2024-08-04,CUST_80,Product_9,5,115.99,579.95,11.55,Mississippi
TRANS_292,2024-07-03,CUST_17,Product_6,1,158.99,158.99,8.08,Maine
TRANS_293,2024-09-02,CUST_46,Product_2,1,194.04,194.04,9.05,Alaska
TRANS_294,2024-07-22,CUST_72,Product_2,4,80.03,320.12,10.02,New Hampshire
TRANS_295,2024-09-12,CUST_96,Product_10,2,95.02,190.04,19.46,Oklahoma
TRANS_296,2024-05-10,CUST_49,Product_5,1,71.14,71.14,18.27,Maine
TRANS_297,2024-10-26,CUST_25,Product_14,2,89.3,178.6,5.14,Alabama
TRANS_298,2024-06-23,CUST_41,Product_19,4,99.16,396.64,19.35,Iowa
TRANS_299,2024-10-05,CUST_35,Product_4,5,154.22,771.1,12.85,South Carolina
TRANS_300,2024-06-02,CUST_71,Product_9,2,182.73,365.46,7.76,Alaska
TRANS_301,2024-11-05,CUST_89,Product_6,4,168.87,675.48,11.92,Rhode Island
TRANS_302,2024-05-30,CUST_20,Product_18,2,170.86,341.72,13.86,Illinois
TRANS_303,2024-11-01,CUST_96,Product_2,2,70.59,141.18,15.36,Rhode Island
TRANS_304,2024-10-26,CUST_21,Product_19,4,61.43,245.72,11.99,Tennessee
TRANS_305,2024-09-16,CUST_12,Product_2,5,102.64,513.2,7.33,Indiana
TRANS_306,2024-03-09,CUST_81,Product_10,1,138.61,138.61,6.56,Michigan
TRANS_307,2024-04-02,CUST_28,Product_1,2,21.02,42.04,6.61,Wisconsin
TRANS_308,2024-07-30,CUST_91,Product_16,2,183.32,366.64,17.05,New Jersey
TRANS_309,2024-08-13,CUST_37,Product_17,2,125.49,250.98,17.37,Alaska
TRANS_310,2024-04-18,CUST_50,Product_13,3,163.18,489.54,8.43,South Dakota
TRANS_311,2024-09-06,CUST_52,Product_18,1,67.57,67.57,6.41,Oklahoma
TRANS_312,2024-08-28,CUST_48,Product_17,1,143.63,143.63,8.36,Alabama
TRANS_313,2024-05-02,CUST_34,Product_5,1,59.68,59.68,10.76,South Dakota
TRANS_314,2024-09-28,CUST_37,Product_7,4,101.21,404.84,15.3,Georgia
TRANS_315,2024-06-28,CUST_73,Product_18,1,90.86,90.86,17.45,Mississippi
TRANS_316,2024-03-27,CUST_75,Product_5,2,162.63,325.26,12.2,Wyoming
TRANS_317,2024-07-08,CUST_100,Product_18,2,139.72,279.44,17.69,Nevada
TRANS_318,2024-10-08,CUST_96,Product_9,2,134.41,268.82,16.87,Vermont
TRANS_319,2024-08-18,CUST_34,Product_11,4,89.8,359.2,8.05,Texas
TRANS_320,2024-01-28,CUST_6,Product_4,1,28.5,28.5,13.47,Washington
TRANS_321,2024-10-03,CUST_43,Product_13,5,152.43,762.15,19.05,Illinois
TRANS_322,2024-11-27,CUST_21,Product_1,4,23.85,95.4,15.82,Tennessee
TRANS_323,2024-09-20,CUST_22,Product_20,1,83.17,83.17,9.2,Maine
TRANS_324,2024-09-07,CUST_95,Product_20,4,85.59,342.36,12.59,North Carolina
TRANS_325,2024-10-01,CUST_49,Product_20,4,31.98,127.92,5.13,Rhode Island
TRANS_326,2024-11-21,CUST_68,Product_20,1,141.67,141.67,12.15,Texas
TRANS_327,2024-03-27,CUST_28,Product_20,2,30.09,60.18,8.14,Maine
TRANS_328,2024-03-03,CUST_38,Product_17,2,195.34,390.68,19.79,Idaho
TRANS_329,2024-10-07,CUST_87,Product_17,3,120.41,361.23,6.05,Florida
TRANS_330,2024-05-13,CUST_80,Product_1,1,38.22,38.22,7.11,Nebraska
TRANS_331,2024-08-14,CUST_1,Product_14,4,43.82,175.28,15.13,Missouri
TRANS_332,2024-11-13,CUST_95,Product_1,2,35.02,70.04,18.06,California
TRANS_333,2024-08-06,CUST_58,Product_3,4,186.83,747.32,11.78,Arizona
TRANS_334,2024-07-19,CUST_69,Product_16,4,68.46,273.84,19.4,Wisconsin
TRANS_335,2024-11-12,CUST_88,Product_20,3,148.06,444.18,6.29,Florida
TRANS_336,2024-04-30,CUST_50,Product_14,1,117.32,117.32,14.98,Florida
TRANS_337,2024-07-29,CUST_14,Product_2,4,177.73,710.92,6.42,South Carolina
TRANS_338,2024-01-24,CUST_40,Product_1,2,12.67,25.34,14.86,Minnesota
TRANS_339,2024-10-30,CUST_15,Product_14,3,113.39,340.17,11.92,Washington
TRANS_340,2024-11-27,CUST_100,Product_10,4,165.25,661.0,5.16,Delaware
TRANS_341,2024-08-26,CUST_24,Product_8,1,63.95,63.95,9.98,Alaska
TRANS_342,2024-04-26,CUST_94,Product_20,3,80.32,240.96,10.94,Rhode Island
TRANS_343,2024-03-20,CUST_35,Product_7,4,175.69,702.76,8.04,Florida
TRANS_344,2024-06-11,CUST_35,Product_18,2,83.03,166.06,15.47,Michigan
TRANS_345,2024-02-17,CUST_73,Product_2,2,21.9,43.8,17.12,Michigan
TRANS_346,2024-04-03,CUST_37,Product_3,4,156.38,625.52,12.29,Arizona
TRANS_347,2024-03-17,CUST_73,Product_9,3,24.34,73.02,6.38,Wisconsin
TRANS_348,2024-03-13,CUST_11,Product_4,5,70.97,354.85,12.57,New Hampshire
TRANS_349,2024-10-31,CUST_60,Product_12,3,86.05,258.15,13.92,Maine
TRANS_350,2024-08-13,CUST_93,Product_1,4,79.64,318.56,14.67,Idaho
TRANS_351,2024-10-25,CUST_68,Product_11,1,169.76,169.76,6.07,Montana
TRANS_352,2024-04-06,CUST_39,Product_16,5,28.49,142.45,14.54,Delaware
TRANS_353,2024-04-22,CUST_61,Product_8,3,103.49,310.47,18.77,North Carolina
TRANS_354,2024-02-20,CUST_36,Product_1,1,79.46,79.46,18.8,Maine
TRANS_355,2024-11-24,CUST_25,Product_15,1,141.33,141.33,18.73,Utah
TRANS_356,2024-07-11,CUST_38,Product_13,3,167.75,503.25,19.01,Connecticut
TRANS_357,2024-07-31,CUST_30,Product_18,4,109.83,439.32,7.36,Arizona
TRANS_358,2024-01-17,CUST_73,Product_3,4,11.8,47.2,17.45,Maine
TRANS_359,2024-10-25,CUST_28,Product_11,3,177.84,533.52,13.46,Wisconsin
TRANS_360,2024-08-30,CUST_71,Product_19,5,33.46,167.3,16.95,New Hampshire
TRANS_361,2024-02-01,CUST_22,Product_11,5,55.87,279.35,16.29,Indiana
TRANS_362,2024-06-23,CUST_70,Product_3,1,14.05,14.05,9.98,Rhode Island
TRANS_363,2024-03-27,CUST_53,Product_9,3,160.37,481.11,9.06,New Jersey
TRANS_364,2024-07-26,CUST_43,Product_5,3,102.11,306.33,8.65,Georgia
TRANS_365,2024-01-12,CUST_73,Product_18,4,35.03,140.12,8.63,Nebraska
TRANS_366,2024-02-16,CUST_66,Product_1,2,191.69,383.38,17.77,Pennsylvania
TRANS_367,2024-11-12,CUST_52,Product_8,5,22.75,113.75,18.11,Delaware
TRANS_368,2024-06-09,CUST_69,Product_12,1,155.19,155.19,19.23,Idaho
TRANS_369,2024-07-19,CUST_4,Product_20,2,146.84,293.68,14.29,Georgia
TRANS_370,2024-10-02,CUST_2,Product_11,4,145.97,583.88,6.69,Michigan
TRANS_371,2024-02-24,CUST_83,Product_11,3,161.61,484.83,7.5,Massachusetts
TRANS_372,2024-11-11,CUST_54,Product_8,1,122.83,122.83,15.69,Wisconsin
TRANS_373,2024-03-26,CUST_31,Product_20,4,43.47,173.88,9.18,Pennsylvania
TRANS_374,2024-02-13,CUST_25,Product_17,1,134.38,134.38,5.99,Colorado
TRANS_375,2024-07-07,CUST_82,Product_16,3,167.06,501.18,15.68,Kansas
TRANS_376,2024-05-14,CUST_58,Product_1,4,150.91,603.64,10.27,South Dakota
TRANS_377,2024-05-29,CUST_9,Product_20,3,86.91,260.73,5.3,Maryland
TRANS_378,2024-09-04,CUST_18,Product_20,2,111.87,223.74,5.36,Rhode Island
TRANS_379,2024-10-11,CUST_17,Product_8,2,28.04,56.08,13.18,Pennsylvania
TRANS_380,2024-08-09,CUST_13,Product_4,5,19.45,97.25,7.7,Delaware
TRANS_381,2024-01-11,CUST_51,Product_15,5,30.57,152.85,7.18,Maine
TRANS_382,2024-06-18,CUST_76,Product_13,1,50.3,50.3,9.25,Missouri
TRANS_383,2024-05-29,CUST_37,Product_11,3,98.56,295.68,5.93,Delaware
TRANS_384,2024-04-18,CUST_32,Product_10,4,89.23,356.92,6.85,Missouri
TRANS_385,2024-06-29,CUST_97,Product_15,5,41.85,209.25,12.13,North Dakota
TRANS_386,2024-08-22,CUST_67,Product_11,1,97.87,97.87,14.16,Nebraska
TRANS_387,2024-03-09,CUST_22,Product_12,1,101.64,101.64,11.67,Illinois
TRANS_388,2024-03-25,CUST_36,Product_8,5,145.07,725.35,15.1,Utah
TRANS_389,2024-07-16,CUST_38,Product_4,4,21.46,85.84,9.48,Iowa
TRANS_390,2024-04-04,CUST_88,Product_18,2,181.79,363.58,5.87,Maine
TRANS_391,2024-08-10,CUST_44,Product_7,4,182.81,731.24,13.3,Maine
TRANS_392,2024-07-25,CUST_11,Product_20,3,32.41,97.23,8.29,Tennessee
TRANS_393,2024-01-14,CUST_51,Product_10,3,114.79,344.37,14.28,Oregon
TRANS_394,2024-11-03,CUST_26,Product_11,4,115.71,462.84,7.21,Indiana
TRANS_395,2024-03-07,CUST_71,Product_9,4,171.0,684.0,18.27,Iowa
TRANS_396,2024-08-15,CUST_59,Product_1,4,158.83,635.32,18.56,Nebraska
TRANS_397,2024-11-10,CUST_64,Product_14,3,36.45,109.35,15.03,Ohio
TRANS_398,2024-04-22,CUST_82,Product_19,2,12.74,25.48,19.17,Nebraska
TRANS_399,2024-08-16,CUST_44,Product_6,5,180.53,902.65,12.35,Kansas
TRANS_400,2024-04-23,CUST_7,Product_19,2,170.69,341.38,13.26,Vermont
TRANS_401,2024-04-04,CUST_95,Product_15,1,127.74,127.74,14.82,Kansas
TRANS_402,2024-09-12,CUST_28,Product_10,5,25.5,127.5,5.94,Maryland
TRANS_403,2024-04-20,CUST_93,Product_15,3,177.03,531.09,7.83,Oklahoma
TRANS_404,2024-02-07,CUST_70,Product_18,4,68.94,275.76,11.94,New Jersey
TRANS_405,2024-06-13,CUST_51,Product_20,4,76.59,306.36,13.66,New Jersey
TRANS_406,2024-08-01,CUST_73,Product_17,3,146.26,438.78,14.73,Montana
TRANS_407,2024-08-29,CUST_60,Product_11,1,86.4,86.4,7.76,Kentucky
TRANS_408,2024-07-19,CUST_6,Product_8,4,58.88,235.52,7.1,Idaho
TRANS_409,2024-01-05,CUST_85,Product_12,3,128.88,386.64,9.92,Wyoming
TRANS_410,2024-07-19,CUST_33,Product_17,4,97.14,388.56,12.64,Missouri
TRANS_411,2024-02-08,CUST_63,Product_8,3,162.91,488.73,12.05,Illinois
TRANS_412,2024-03-10,CUST_65,Product_13,2,104.34,208.68,11.25,South Carolina
TRANS_413,2024-05-04,CUST_48,Product_2,3,27.46,82.38,15.48,Alabama
TRANS_414,2024-11-09,CUST_4,Product_5,5,53.87,269.35,13.08,Arkansas
TRANS_415,2024-02-29,CUST_88,Product_13,3,57.44,172.32,16.4,Florida
TRANS_416,2024-10-25,CUST_19,Product_16,3,48.31,144.93,7.55,South Dakota
TRANS_417,2024-11-27,CUST_63,Product_9,5,198.29,991.45,5.71,North Carolina
TRANS_418,2024-09-17,CUST_19,Product_20,4,171.76,687.04,9.86,Indiana
TRANS_419,2024-11-27,CUST_58,Product_18,4,55.12,220.48,8.94,Arizona
TRANS_420,2024-05-23,CUST_69,Product_12,4,72.15,288.6,13.43,Hawaii
TRANS_421,2024-03-20,CUST_89,Product_14,5,62.19,310.95,15.07,California
TRANS_422,2024-07-01,CUST_98,Product_11,5,67.83,339.15,15.32,Washington
TRANS_423,2024-07-11,CUST_47,Product_20,3,139.88,419.64,19.49,Louisiana
TRANS_424,2024-05-25,CUST_81,Product_2,1,115.24,115.24,10.84,Nebraska
TRANS_425,2024-08-10,CUST_17,Product_10,3,116.41,349.23,19.39,Wyoming
TRANS_426,2024-06-08,CUST_21,Product_13,3,82.94,248.82,18.84,Texas
TRANS_427,2024-02-05,CUST_33,Product_2,2,38.31,76.62,17.05,Georgia
TRANS_428,2024-06-09,CUST_76,Product_9,2,99.43,198.86,15.8,North Dakota
TRANS_429,2024-03-01,CUST_4,Product_19,4,20.12,80.48,13.94,Oklahoma
TRANS_430,2024-01-09,CUST_93,Product_15,1,60.77,60.77,10.84,Massachusetts
TRANS_431,2024-10-23,CUST_70,Product_17,1,84.08,84.08,7.29,South Dakota
TRANS_432,2024-02-12,CUST_17,Product_5,1,110.73,110.73,6.47,South Dakota
TRANS_433,2024-05-15,CUST_87,Product_8,5,73.59,367.95,10.05,Nevada
TRANS_434,2024-01-04,CUST_29,Product_20,3,17.48,52.44,16.75,Kentucky
TRANS_435,2024-08-08,CUST_85,Product_12,5,87.81,439.05,5.45,Colorado
TRANS_436,2024-06-17,CUST_10,Product_9,3,69.73,209.19,12.94,Virginia
TRANS_437,2024-11-29,CUST_2,Product_3,5,132.38,661.9,5.04,Michigan
TRANS_438,2024-11-28,CUST_81,Product_15,2,172.56,345.12,17.37,Colorado
TRANS_439,2024-04-09,CUST_93,Product_4,5,107.34,536.7,18.6,Georgia
TRANS_440,2024-01-21,CUST_56,Product_14,3,20.06,60.18,19.99,Georgia
TRANS_441,2024-02-04,CUST_14,Product_10,3,186.0,558.0,10.68,Ohio
TRANS_442,2024-05-14,CUST_55,Product_19,5,35.7,178.5,8.78,Massachusetts
TRANS_443,2024-04-30,CUST_65,Product_7,4,175.38,701.52,9.64,Oklahoma
TRANS_444,2024-04-26,CUST_64,Product_17,1,123.33,123.33,6.62,Pennsylvania
TRANS_445,2024-02-05,CUST_99,Product_10,4,11.65,46.6,6.2,Arizona
TRANS_446,2024-06-09,CUST_1,Product_20,1,180.88,180.88,8.1,Idaho
TRANS_447,2024-11-05,CUST_24,Product_3,5,98.85,494.25,15.93,Nevada
TRANS_448,2024-07-17,CUST_54,Product_18,1,97.38,97.38,12.51,Utah
TRANS_449,2024-04-21,CUST_41,Product_17,3,158.99,476.97,18.0,Wisconsin
TRANS_450,2024-01-26,CUST_94,Product_4,4,111.62,446.48,16.95,Oklahoma
TRANS_451,2024-01-23,CUST_10,Product_17,4,152.6,610.4,5.06,Washington
TRANS_452,2024-09-28,CUST_36,Product_19,2,175.61,351.22,8.23,New Mexico
TRANS_453,2024-08-25,CUST_80,Product_15,3,20.64,61.92,13.66,Virginia
TRANS_454,2024-08-17,CUST_50,Product_10,1,189.17,189.17,11.59,Ohio
TRANS_455,2024-01-17,CUST_7,Product_15,4,122.34,489.36,8.94,Washington
TRANS_456,2024-06-01,CUST_59,Product_8,4,107.23,428.92,6.86,Vermont
TRANS_457,2024-07-05,CUST_70,Product_1,2,92.49,184.98,15.36,Georgia
TRANS_458,2024-07-12,CUST_69,Product_1,3,63.16,189.48,7.58,Iowa
TRANS_459,2024-06-30,CUST_30,Product_14,2,19.16,38.32,18.8,Utah
TRANS_460,2024-07-29,CUST_92,Product_8,2,182.69,365.38,10.48,Louisiana
TRANS_461,2024-08-28,CUST_88,Product_15,2,37.64,75.28,11.59,New Hampshire
TRANS_462,2024-01-10,CUST_33,Product_3,4,64.7,258.8,12.08,Georgia
TRANS_463,2024-10-31,CUST_43,Product_4,5,80.42,402.1,13.11,Missouri
TRANS_464,2024-04-27,CUST_93,Product_10,3,160.6,481.8,11.44,Nevada
TRANS_465,2024-05-04,CUST_17,Product_17,2,83.81,167.62,10.89,California
TRANS_466,2024-11-26,CUST_11,Product_16,4,48.86,195.44,11.42,Arkansas
TRANS_467,2024-04-02,CUST_4,Product_13,5,184.89,924.45,12.6,Oregon
TRANS_468,2024-01-03,CUST_25,Product_20,1,95.62,95.62,13.28,Tennessee
TRANS_469,2024-01-24,CUST_76,Product_11,2,142.73,285.46,14.98,Washington
TRANS_470,2024-03-02,CUST_24,Product_7,2,155.19,310.38,9.54,North Carolina
TRANS_471,2024-01-23,CUST_79,Product_7,4,198.03,792.12,6.48,Pennsylvania
TRANS_472,2024-06-06,CUST_98,Product_4,3,67.52,202.56,15.95,Kentucky
TRANS_473,2024-02-05,CUST_5,Product_18,3,104.11,312.33,9.07,West Virginia
TRANS_474,2024-01-24,CUST_55,Product_14,5,135.66,678.3,7.49,Vermont
TRANS_475,2024-05-10,CUST_13,Product_16,3,50.4,151.2,9.17,New York
TRANS_476,2024-06-02,CUST_1,Product_9,3,127.05,381.15,12.0,Idaho
TRANS_477,2024-06-30,CUST_95,Product_6,5,89.0,445.0,15.1,Montana
TRANS_478,2024-02-21,CUST_27,Product_14,3,54.29,162.87,8.93,North Dakota
TRANS_479,2024-06-09,CUST_82,Product_4,3,18.22,54.66,16.98,Vermont
TRANS_480,2024-10-28,CUST_83,Product_13,4,62.98,251.92,5.11,Virginia
TRANS_481,2024-04-10,CUST_7,Product_14,1,34.0,34.0,15.68,Kansas
TRANS_482,2024-02-10,CUST_73,Product_19,3,36.58,109.74,8.98,Arizona
TRANS_483,2024-10-14,CUST_77,Product_20,5,43.77,218.85,16.79,Ohio
TRANS_484,2024-04-22,CUST_67,Product_20,2,129.35,258.7,19.69,Maine
TRANS_485,2024-06-07,CUST_38,Product_17,1,147.26,147.26,5.89,Arkansas
TRANS_486,2024-11-13,CUST_47,Product_14,1,79.65,79.65,7.22,Oklahoma
TRANS_487,2024-09-13,CUST_93,Product_9,1,99.59,99.59,11.87,Montana
TRANS_488,2024-09-13,CUST_56,Product_17,4,68.24,272.96,16.89,Vermont
TRANS_489,2024-01-27,CUST_95,Product_9,4,79.84,319.36,15.19,Oklahoma
TRANS_490,2024-10-28,CUST_88,Product_8,3,159.54,478.62,9.89,Texas
TRANS_491,2024-03-27,CUST_74,Product_17,3,15.05,45.15,6.72,Nevada
TRANS_492,2024-06-19,CUST_50,Product_14,1,40.23,40.23,19.82,Idaho
TRANS_493,2024-11-30,CUST_23,Product_4,5,78.04,390.2,17.73,West Virginia
TRANS_494,2024-07-19,CUST_74,Product_10,4,93.62,374.48,17.42,New York
TRANS_495,2024-07-27,CUST_62,Product_16,2,41.37,82.74,15.8,New Jersey
TRANS_496,2024-05-02,CUST_14,Product_17,5,187.76,938.8,14.91,Texas
TRANS_497,2024-09-01,CUST_84,Product_18,5,146.92,734.6,19.9,North Dakota
TRANS_498,2024-01-17,CUST_45,Product_10,3,182.09,546.27,9.21,Minnesota
TRANS_499,2024-04-30,CUST_55,Product_12,4,59.09,236.36,8.56,Montana
TRANS_500,2024-11-12,CUST_40,Product_9,1,136.9,136.9,18.73,Ohio
TRANS_501,2024-03-05,CUST_1,Product_2,2,176.08,352.16,14.79,North Carolina
TRANS_502,2024-07-12,CUST_40,Product_1,4,29.59,118.36,8.33,Michigan
TRANS_503,2024-05-02,CUST_75,Product_4,2,30.17,60.34,14.28,New Jersey
TRANS_504,2024-01-03,CUST_57,Product_9,1,34.2,34.2,7.25,Louisiana
TRANS_505,2024-06-05,CUST_37,Product_9,3,122.48,367.44,16.26,Delaware
TRANS_506,2024-05-19,CUST_99,Product_20,5,149.88,749.4,7.85,Wisconsin
TRANS_507,2024-06-14,CUST_17,Product_13,3,20.9,62.7,6.22,Mississippi
TRANS_508,2024-08-03,CUST_5,Product_14,5,74.64,373.2,6.03,New Mexico
TRANS_509,2024-02-27,CUST_1,Product_19,3,177.96,533.88,12.01,Nebraska
TRANS_510,2024-10-24,CUST_13,Product_18,2,109.79,219.58,6.89,Maine
TRANS_511,2024-07-26,CUST_26,Product_6,1,147.99,147.99,11.53,Michigan
TRANS_512,2024-06-10,CUST_8,Product_11,4,184.52,738.08,12.67,Connecticut
TRANS_513,2024-05-26,CUST_76,Product_11,5,80.52,402.6,16.18,Massachusetts
TRANS_514,2024-07-26,CUST_94,Product_11,2,152.95,305.9,8.42,Kansas
TRANS_515,2024-05-25,CUST_86,Product_19,1,177.44,177.44,7.07,Iowa
TRANS_516,2024-05-16,CUST_63,Product_6,1,137.61,137.61,14.23,South Dakota
TRANS_517,2024-08-10,CUST_70,Product_16,2,64.31,128.62,19.96,Wyoming
TRANS_518,2024-03-21,CUST_6,Product_15,5,131.38,656.9,18.7,Washington
TRANS_519,2024-03-07,CUST_19,Product_14,2,198.85,397.7,19.27,Louisiana
TRANS_520,2024-02-19,CUST_21,Product_3,1,106.29,106.29,14.75,South Carolina
TRANS_521,2024-06-05,CUST_90,Product_16,2,113.35,226.7,12.12,Nevada
TRANS_522,2024-08-04,CUST_60,Product_5,5,196.54,982.7,13.63,South Dakota
TRANS_523,2024-06-22,CUST_62,Product_20,3,65.12,195.36,6.41,New York
TRANS_524,2024-05-01,CUST_72,Product_1,3,156.86,470.58,11.9,Michigan
TRANS_525,2024-01-23,CUST_42,Product_19,2,169.75,339.5,10.45,Florida
TRANS_526,2024-02-23,CUST_59,Product_18,3,127.68,383.04,11.13,New York
TRANS_527,2024-11-10,CUST_31,Product_2,3,62.25,186.75,15.16,Washington
TRANS_528,2024-01-17,CUST_41,Product_9,4,120.89,483.56,5.37,Missouri
TRANS_529,2024-11-21,CUST_43,Product_4,3,139.04,417.12,17.32,Oregon
TRANS_530,2024-04-10,CUST_74,Product_13,3,108.27,324.81,13.08,Florida
TRANS_531,2024-09-05,CUST_28,Product_14,1,188.92,188.92,16.15,Iowa
TRANS_532,2024-10-18,CUST_6,Product_5,4,188.1,752.4,5.38,Iowa
TRANS_533,2024-01-06,CUST_15,Product_18,2,131.13,262.26,5.14,North Carolina
TRANS_534,2024-03-07,CUST_45,Product_16,5,120.62,603.1,11.81,New Jersey
TRANS_535,2024-11-27,CUST_37,Product_12,3,49.4,148.2,5.08,New York
TRANS_536,2024-03-19,CUST_39,Product_9,3,41.74,125.22,18.63,New Hampshire
TRANS_537,2024-11-03,CUST_26,Product_5,4,180.22,720.88,7.16,Pennsylvania
TRANS_538,2024-08-23,CUST_1,Product_14,4,177.73,710.92,13.07,Texas
TRANS_539,2024-03-29,CUST_23,Product_13,5,33.49,167.45,12.35,Kentucky
TRANS_540,2024-09-09,CUST_15,Product_8,2,149.45,298.9,13.58,Oklahoma
TRANS_541,2024-09-26,CUST_79,Product_20,1,151.91,151.91,19.23,Iowa
TRANS_542,2024-10-16,CUST_36,Product_8,4,118.66,474.64,5.32,Nevada
TRANS_543,2024-10-17,CUST_59,Product_12,3,109.98,329.94,11.86,South Dakota
TRANS_544,2024-09-01,CUST_20,Product_19,5,23.79,118.95,5.4,Indiana
TRANS_545,2024-07-27,CUST_39,Product_18,5,110.0,550.0,16.84,Mississippi
TRANS_546,2024-08-18,CUST_76,Product_8,3,76.09,228.27,18.4,South Dakota
TRANS_547,2024-01-07,CUST_50,Product_3,5,156.38,781.9,9.32,California
TRANS_548,2024-06-23,CUST_27,Product_12,3,172.88,518.64,5.67,Nebraska
TRANS_549,2024-08-23,CUST_5,Product_1,4,66.85,267.4,6.12,Florida
TRANS_550,2024-03-06,CUST_60,Product_16,1,123.78,123.78,17.08,Hawaii
TRANS_551,2024-07-13,CUST_42,Product_2,4,65.33,261.32,19.94,Maine
TRANS_552,2024-01-24,CUST_63,Product_13,4,159.69,638.76,6.52,Arizona
TRANS_553,2024-03-06,CUST_10,Product_2,1,82.15,82.15,5.93,Minnesota
TRANS_554,2024-10-17,CUST_94,Product_9,3,152.78,458.34,15.34,Vermont
TRANS_555,2024-05-07,CUST_97,Product_13,1,66.1,66.1,13.16,Florida
TRANS_556,2024-03-05,CUST_39,Product_7,1,110.58,110.58,14.65,Oregon
TRANS_557,2024-09-08,CUST_66,Product_9,1,161.0,161.0,5.19,Rhode Island
TRANS_558,2024-08-12,CUST_100,Product_8,5,157.21,786.05,5.43,Delaware
TRANS_559,2024-05-18,CUST_34,Product_3,2,126.78,253.56,6.55,Michigan
TRANS_560,2024-03-12,CUST_4,Product_6,5,147.78,738.9,6.31,Wisconsin
TRANS_561,2024-11-27,CUST_71,Product_12,2,154.01,308.02,14.08,Arkansas
TRANS_562,2024-05-31,CUST_81,Product_5,4,162.24,648.96,17.19,Indiana
TRANS_563,2024-04-19,CUST_87,Product_17,4,185.57,742.28,13.23,Illinois
TRANS_564,2024-11-05,CUST_48,Product_16,2,105.82,211.64,9.4,South Carolina
TRANS_565,2024-08-29,CUST_51,Product_13,1,47.33,47.33,14.92,Louisiana
TRANS_566,2024-04-11,CUST_40,Product_15,1,104.96,104.96,18.42,West Virginia
TRANS_567,2024-03-24,CUST_52,Product_7,5,38.84,194.2,9.12,Iowa
TRANS_568,2024-03-05,CUST_65,Product_6,5,196.04,980.2,9.58,New Jersey
TRANS_569,2024-04-25,CUST_47,Product_14,4,24.26,97.04,14.11,Oklahoma
TRANS_570,2024-07-17,CUST_72,Product_14,5,179.87,899.35,11.31,Virginia
TRANS_571,2024-01-28,CUST_90,Product_8,2,189.49,378.98,13.4,Oklahoma
TRANS_572,2024-08-26,CUST_61,Product_8,4,20.14,80.56,12.64,Washington
TRANS_573,2024-09-29,CUST_74,Product_16,1,22.96,22.96,5.58,Wisconsin
TRANS_574,2024-07-27,CUST_50,Product_14,2,54.41,108.82,17.0,Rhode Island
TRANS_575,2024-04-30,CUST_81,Product_19,1,152.83,152.83,11.42,South Dakota
TRANS_576,2024-08-11,CUST_32,Product_7,2,109.83,219.66,15.35,Colorado
TRANS_577,2024-01-18,CUST_31,Product_20,3,140.51,421.53,10.05,Pennsylvania
TRANS_578,2024-01-10,CUST_94,Product_9,4,153.69,614.76,11.67,California
TRANS_579,2024-10-25,CUST_3,Product_8,3,195.98,587.94,16.34,Nebraska
TRANS_580,2024-08-11,CUST_92,Product_2,2,54.13,108.26,5.01,Oregon
TRANS_581,2024-10-15,CUST_38,Product_18,4,194.71,778.84,8.45,Wisconsin
TRANS_582,2024-06-21,CUST_90,Product_8,5,155.74,778.7,17.35,Nebraska
TRANS_583,2024-06-02,CUST_79,Product_7,1,124.66,124.66,10.38,Illinois
TRANS_584,2024-05-18,CUST_90,Product_17,4,84.92,339.68,15.54,Wisconsin
TRANS_585,2024-04-02,CUST_24,Product_10,5,74.64,373.2,13.85,West Virginia
TRANS_586,2024-11-10,CUST_39,Product_10,3,188.6,565.8,15.01,Wisconsin
TRANS_587,2024-06-06,CUST_43,Product_15,1,82.84,82.84,13.89,Texas
TRANS_588,2024-08-01,CUST_79,Product_10,3,83.01,249.03,10.11,Hawaii
TRANS_589,2024-08-19,CUST_11,Product_18,3,183.71,551.13,18.7,Arizona
TRANS_590,2024-05-30,CUST_83,Product_19,3,91.07,273.21,14.08,Illinois
TRANS_591,2024-04-01,CUST_73,Product_16,3,110.12,330.36,16.94,Wyoming
TRANS_592,2024-05-12,CUST_45,Product_18,5,172.75,863.75,14.51,Mississippi
TRANS_593,2024-02-08,CUST_60,Product_1,5,154.22,771.1,5.05,North Carolina
TRANS_594,2024-04-07,CUST_31,Product_5,2,95.92,191.84,6.59,Virginia
TRANS_595,2024-10-28,CUST_68,Product_3,4,142.57,570.28,9.94,New York
TRANS_596,2024-03-03,CUST_54,Product_11,3,187.82,563.46,13.19,Idaho
TRANS_597,2024-03-01,CUST_62,Product_8,5,143.66,718.3,10.23,Maine
TRANS_598,2024-11-14,CUST_37,Product_6,3,21.9,65.7,14.86,Rhode Island
TRANS_599,2024-11-27,CUST_44,Product_2,5,67.22,336.1,7.51,Delaware
TRANS_600,2024-04-10,CUST_1,Product_3,4,86.16,344.64,15.84,Oklahoma
TRANS_601,2024-02-02,CUST_44,Product_6,1,100.94,100.94,6.93,California
TRANS_602,2024-11-09,CUST_65,Product_11,1,157.74,157.74,16.17,Arizona
TRANS_603,2024-01-13,CUST_94,Product_9,4,18.17,72.68,9.56,Florida
TRANS_604,2024-10-08,CUST_69,Product_6,3,15.01,45.03,10.11,Kansas
TRANS_605,2024-04-12,CUST_54,Product_13,4,99.17,396.68,12.29,New Hampshire
TRANS_606,2024-02-10,CUST_48,Product_5,3,192.21,576.63,9.17,Ohio
TRANS_607,2024-08-06,CUST_75,Product_4,4,170.83,683.32,18.13,New Mexico
TRANS_608,2024-10-17,CUST_76,Product_11,5,167.93,839.65,13.63,Maryland
TRANS_609,2024-07-24,CUST_93,Product_12,3,33.09,99.27,10.86,Michigan
TRANS_610,2024-03-07,CUST_93,Product_2,4,60.26,241.04,15.64,Mississippi
TRANS_611,2024-07-28,CUST_55,Product_19,2,92.42,184.84,19.98,Arizona
TRANS_612,2024-11-21,CUST_61,Product_13,5,176.32,881.6,18.0,South Carolina
TRANS_613,2024-03-13,CUST_68,Product_1,5,113.58,567.9,19.14,Wyoming
TRANS_614,2024-11-14,CUST_35,Product_10,2,154.9,309.8,11.64,Utah
TRANS_615,2024-08-21,CUST_90,Product_12,5,168.89,844.45,19.99,Rhode Island
TRANS_616,2024-09-03,CUST_17,Product_5,1,93.9,93.9,16.05,New York
TRANS_617,2024-09-23,CUST_23,Product_2,2,96.64,193.28,8.44,New Hampshire
TRANS_618,2024-09-16,CUST_12,Product_19,5,95.38,476.9,18.77,Georgia
TRANS_619,2024-05-30,CUST_99,Product_2,1,164.38,164.38,14.93,Nevada
TRANS_620,2024-07-31,CUST_34,Product_16,1,92.54,92.54,17.37,Minnesota
TRANS_621,2024-06-27,CUST_72,Product_12,2,127.25,254.5,13.59,New Jersey
TRANS_622,2024-01-15,CUST_4,Product_16,3,37.12,111.36,5.54,Louisiana
TRANS_623,2024-08-05,CUST_11,Product_8,3,180.79,542.37,13.95,South Dakota
TRANS_624,2024-07-16,CUST_72,Product_12,1,60.98,60.98,18.86,Washington
TRANS_625,2024-08-20,CUST_40,Product_9,1,185.44,185.44,12.04,Oregon
TRANS_626,2024-10-09,CUST_93,Product_9,3,168.34,505.02,19.22,South Carolina
TRANS_627,2024-01-02,CUST_50,Product_18,4,62.55,250.2,8.69,New Mexico
TRANS_628,2024-04-18,CUST_45,Product_1,3,157.08,471.24,6.45,Alaska
TRANS_629,2024-01-21,CUST_4,Product_12,4,37.97,151.88,6.83,Wyoming
TRANS_630,2024-01-27,CUST_27,Product_14,3,32.12,96.36,14.58,Virginia
TRANS_631,2024-10-23,CUST_49,Product_12,2,32.61,65.22,18.89,Arizona
TRANS_632,2024-05-26,CUST_23,Product_5,1,178.5,178.5,5.41,Wyoming
TRANS_633,2024-10-08,CUST_95,Product_6,1,29.79,29.79,10.94,Colorado
TRANS_634,2024-10-15,CUST_86,Product_13,5,154.23,771.15,12.87,Ohio
TRANS_635,2024-03-23,CUST_95,Product_19,4,43.87,175.48,12.17,Nebraska
TRANS_636,2024-02-03,CUST_13,Product_8,1,147.68,147.68,9.73,New Hampshire
TRANS_637,2024-07-31,CUST_2,Product_7,1,45.04,45.04,9.4,Illinois
TRANS_638,2024-07-27,CUST_9,Product_3,2,46.55,93.1,18.81,Alaska
TRANS_639,2024-11-14,CUST_27,Product_2,4,76.31,305.24,14.74,Louisiana
TRANS_640,2024-03-18,CUST_4,Product_18,1,174.86,174.86,17.88,Arkansas
TRANS_641,2024-06-11,CUST_50,Product_8,5,89.93,449.65,5.92,New Hampshire
TRANS_642,2024-10-20,CUST_70,Product_17,2,58.96,117.92,10.41,Maine
TRANS_643,2024-10-08,CUST_76,Product_14,2,182.73,365.46,15.72,Arizona
TRANS_644,2024-10-16,CUST_84,Product_2,5,154.87,774.35,8.28,Maine
TRANS_645,2024-11-04,CUST_87,Product_2,3,63.83,191.49,18.87,South Dakota
TRANS_646,2024-06-19,CUST_56,Product_11,2,70.54,141.08,17.89,Georgia
TRANS_647,2024-10-15,CUST_26,Product_10,4,143.33,573.32,11.6,Virginia
TRANS_648,2024-11-12,CUST_46,Product_14,4,196.94,787.76,15.22,Montana
TRANS_649,2024-03-20,CUST_19,Product_10,2,136.87,273.74,10.76,Arkansas
TRANS_650,2024-11-19,CUST_7,Product_18,1,14.03,14.03,12.85,Texas
TRANS_651,2024-06-14,CUST_91,Product_2,4,144.22,576.88,11.42,Montana
TRANS_652,2024-11-09,CUST_32,Product_18,2,183.3,366.6,15.93,Georgia
TRANS_653,2024-05-28,CUST_85,Product_7,2,161.95,323.9,19.84,Alaska
TRANS_654,2024-07-30,CUST_61,Product_10,2,45.87,91.74,12.28,Pennsylvania
TRANS_655,2024-11-11,CUST_19,Product_14,2,128.76,257.52,10.13,Florida
TRANS_656,2024-10-03,CUST_16,Product_16,2,160.8,321.6,14.13,New York
TRANS_657,2024-07-05,CUST_19,Product_4,1,152.31,152.31,10.73,Indiana
TRANS_658,2024-04-18,CUST_76,Product_3,1,196.18,196.18,5.15,Oklahoma
TRANS_659,2024-10-28,CUST_82,Product_19,3,71.34,214.02,18.12,Mississippi
TRANS_660,2024-06-02,CUST_25,Product_5,5,162.54,812.7,9.55,Tennessee
TRANS_661,2024-08-30,CUST_47,Product_11,3,163.97,491.91,15.05,Virginia
TRANS_662,2024-08-18,CUST_42,Product_19,4,192.01,768.04,15.67,Maryland
TRANS_663,2024-05-03,CUST_95,Product_1,5,65.06,325.3,6.22,Rhode Island
TRANS_664,2024-06-19,CUST_4,Product_17,4,54.79,219.16,16.65,Connecticut
TRANS_665,2024-10-18,CUST_70,Product_2,3,126.42,379.26,14.32,Kentucky
TRANS_666,2024-08-29,CUST_2,Product_7,4,50.26,201.04,16.75,Michigan
TRANS_667,2024-03-15,CUST_8,Product_17,1,15.68,15.68,9.73,Alaska
TRANS_668,2024-07-26,CUST_46,Product_1,4,149.59,598.36,12.42,Kentucky
TRANS_669,2024-02-05,CUST_65,Product_13,1,85.48,85.48,11.38,New York
TRANS_670,2024-08-09,CUST_58,Product_18,5,26.16,130.8,19.63,New Jersey
TRANS_671,2024-07-30,CUST_63,Product_15,4,148.58,594.32,16.32,Washington
TRANS_672,2024-09-05,CUST_50,Product_15,5,121.8,609.0,19.82,Minnesota
TRANS_673,2024-04-03,CUST_43,Product_5,2,133.01,266.02,10.51,Delaware
TRANS_674,2024-08-23,CUST_79,Product_20,4,34.12,136.48,17.87,Hawaii
TRANS_675,2024-05-03,CUST_12,Product_3,2,76.95,153.9,7.28,Maine
TRANS_676,2024-09-05,CUST_3,Product_18,3,37.42,112.26,15.69,Pennsylvania
TRANS_677,2024-10-12,CUST_27,Product_2,1,64.03,64.03,9.44,Illinois
TRANS_678,2024-08-19,CUST_74,Product_11,4,32.49,129.96,12.72,Montana
TRANS_679,2024-08-09,CUST_65,Product_13,5,102.05,510.25,19.52,Florida
TRANS_680,2024-05-21,CUST_59,Product_5,5,37.95,189.75,17.49,New Jersey
TRANS_681,2024-01-07,CUST_43,Product_7,4,80.67,322.68,15.21,Wisconsin
TRANS_682,2024-04-02,CUST_65,Product_5,4,35.79,143.16,14.46,Colorado
TRANS_683,2024-08-19,CUST_79,Product_5,4,65.2,260.8,14.72,Ohio
TRANS_684,2024-01-18,CUST_15,Product_12,3,85.63,256.89,15.57,Vermont
TRANS_685,2024-11-10,CUST_84,Product_3,1,66.87,66.87,17.2,Florida
TRANS_686,2024-10-25,CUST_19,Product_11,2,184.71,369.42,14.8,Arkansas
TRANS_687,2024-02-02,CUST_27,Product_10,3,115.94,347.82,16.88,Michigan
TRANS_688,2024-05-12,CUST_83,Product_19,2,80.13,160.26,6.76,Alaska
TRANS_689,2024-11-02,CUST_14,Product_6,2,76.97,153.94,19.38,Illinois
TRANS_690,2024-07-10,CUST_79,Product_3,1,159.57,159.57,6.62,Hawaii
TRANS_691,2024-09-30,CUST_71,Product_2,4,81.65,326.6,7.88,Arkansas
TRANS_692,2024-10-30,CUST_59,Product_18,2,35.07,70.14,14.36,Connecticut
TRANS_693,2024-06-28,CUST_37,Product_18,5,58.33,291.65,17.15,New York
TRANS_694,2024-02-09,CUST_78,Product_7,3,51.67,155.01,10.86,Alabama
TRANS_695,2024-07-09,CUST_26,Product_4,2,111.03,222.06,8.17,Washington
TRANS_696,2024-05-16,CUST_65,Product_8,1,56.27,56.27,17.52,Kansas
TRANS_697,2024-04-06,CUST_78,Product_13,4,62.55,250.2,15.57,Alaska
TRANS_698,2024-09-20,CUST_88,Product_2,1,14.18,14.18,13.74,South Carolina
TRANS_699,2024-03-18,CUST_67,Product_20,1,76.93,76.93,6.5,Vermont
TRANS_700,2024-05-14,CUST_5,Product_2,1,176.05,176.05,12.77,Kentucky
TRANS_701,2024-10-05,CUST_91,Product_5,4,71.61,286.44,12.37,Louisiana
TRANS_702,2024-09-11,CUST_14,Product_6,1,121.31,121.31,5.04,Texas
TRANS_703,2024-07-07,CUST_11,Product_11,4,125.37,501.48,9.52,Alabama
TRANS_704,2024-03-24,CUST_26,Product_7,5,161.09,805.45,12.94,Delaware
TRANS_705,2024-07-01,CUST_58,Product_9,5,135.5,677.5,19.82,North Carolina
TRANS_706,2024-02-09,CUST_3,Product_7,3,76.68,230.04,17.79,South Carolina
TRANS_707,2024-07-02,CUST_50,Product_5,5,23.08,115.4,18.35,Utah
TRANS_708,2024-06-01,CUST_75,Product_6,4,169.51,678.04,10.07,New York
TRANS_709,2024-03-03,CUST_19,Product_18,2,145.87,291.74,5.42,Mississippi
TRANS_710,2024-02-18,CUST_23,Product_10,1,142.86,142.86,15.91,Ohio
TRANS_711,2024-05-27,CUST_16,Product_14,5,146.31,731.55,16.6,Louisiana
TRANS_712,2024-07-24,CUST_9,Product_14,3,191.18,573.54,7.43,Delaware
TRANS_713,2024-01-03,CUST_85,Product_18,4,192.61,770.44,6.75,Vermont
TRANS_714,2024-10-09,CUST_37,Product_3,1,86.68,86.68,10.89,Kansas
TRANS_715,2024-07-09,CUST_65,Product_8,5,14.09,70.45,13.44,New York
TRANS_716,2024-05-19,CUST_100,Product_9,5,100.47,502.35,6.46,Tennessee
TRANS_717,2024-01-22,CUST_12,Product_7,2,38.33,76.66,15.32,Alaska
TRANS_718,2024-11-28,CUST_45,Product_4,3,199.89,599.67,17.7,Nebraska
TRANS_719,2024-09-10,CUST_80,Product_7,1,50.96,50.96,10.78,Minnesota
TRANS_720,2024-09-15,CUST_8,Product_8,5,54.81,274.05,15.37,Nevada
TRANS_721,2024-02-07,CUST_67,Product_8,2,81.63,163.26,19.68,Utah
TRANS_722,2024-09-23,CUST_94,Product_7,1,127.72,127.72,6.06,Wisconsin
TRANS_723,2024-04-11,CUST_33,Product_11,3,104.18,312.54,5.05,Maryland
TRANS_724,2024-04-29,CUST_61,Product_15,1,58.83,58.83,13.22,Missouri
TRANS_725,2024-04-19,CUST_23,Product_7,1,138.91,138.91,6.05,Wisconsin
TRANS_726,2024-09-09,CUST_23,Product_16,1,99.5,99.5,8.71,Georgia
TRANS_727,2024-08-23,CUST_84,Product_4,1,197.64,197.64,17.35,Louisiana
TRANS_728,2024-10-23,CUST_38,Product_2,2,140.57,281.14,16.37,Alabama
TRANS_729,2024-07-23,CUST_53,Product_13,5,138.54,692.7,7.13,Georgia
TRANS_730,2024-02-20,CUST_50,Product_4,4,183.18,732.72,17.39,Minnesota
TRANS_731,2024-02-02,CUST_99,Product_16,5,137.04,685.2,6.82,California
TRANS_732,2024-05-31,CUST_87,Product_17,4,54.16,216.64,11.08,New Mexico
TRANS_733,2024-08-09,CUST_31,Product_15,4,180.1,720.4,16.01,New Hampshire
TRANS_734,2024-11-09,CUST_70,Product_6,3,105.07,315.21,7.52,Iowa
TRANS_735,2024-06-16,CUST_16,Product_3,3,99.66,298.98,13.59,Missouri
TRANS_736,2024-02-07,CUST_89,Product_7,3,17.28,51.84,5.87,Iowa
TRANS_737,2024-05-16,CUST_21,Product_8,5,162.74,813.7,7.61,Rhode Island
TRANS_738,2024-05-26,CUST_19,Product_8,1,128.88,128.88,16.36,Montana
TRANS_739,2024-11-19,CUST_35,Product_12,2,142.66,285.32,5.41,Maryland
TRANS_740,2024-08-02,CUST_24,Product_9,3,94.63,283.89,19.91,Louisiana
TRANS_741,2024-03-20,CUST_38,Product_20,1,10.0,10.0,10.53,Iowa
TRANS_742,2024-04-21,CUST_14,Product_20,3,92.71,278.13,11.56,Alabama
TRANS_743,2024-08-05,CUST_59,Product_16,1,156.75,156.75,12.41,Florida
TRANS_744,2024-06-09,CUST_20,Product_9,4,10.25,41.0,17.74,New Jersey
TRANS_745,2024-05-17,CUST_80,Product_14,1,100.17,100.17,5.24,Pennsylvania
TRANS_746,2024-04-03,CUST_21,Product_9,5,189.26,946.3,6.54,Idaho
TRANS_747,2024-03-11,CUST_89,Product_13,4,115.36,461.44,5.3,Oregon
TRANS_748,2024-01-06,CUST_41,Product_7,4,161.66,646.64,5.12,Kentucky
TRANS_749,2024-09-13,CUST_86,Product_4,5,17.9,89.5,11.34,Hawaii
TRANS_750,2024-06-10,CUST_23,Product_11,1,24.28,24.28,9.53,Alabama
TRANS_751,2024-06-22,CUST_98,Product_9,2,187.33,374.66,16.09,Washington
TRANS_752,2024-01-21,CUST_9,Product_13,5,58.92,294.6,16.99,Michigan
TRANS_753,2024-11-28,CUST_74,Product_18,5,31.71,158.55,16.38,Oregon
TRANS_754,2024-11-12,CUST_71,Product_8,4,28.21,112.84,13.6,Minnesota
TRANS_755,2024-10-23,CUST_89,Product_13,3,177.2,531.6,11.2,South Dakota
TRANS_756,2024-03-23,CUST_2,Product_5,4,106.93,427.72,6.27,Hawaii
TRANS_757,2024-02-19,CUST_69,Product_11,3,44.19,132.57,19.96,West Virginia
TRANS_758,2024-08-21,CUST_25,Product_4,5,161.34,806.7,10.81,Indiana
TRANS_759,2024-09-23,CUST_55,Product_14,1,87.08,87.08,19.43,Louisiana
TRANS_760,2024-05-07,CUST_57,Product_10,2,27.55,55.1,12.4,Virginia
TRANS_761,2024-11-29,CUST_9,Product_17,4,109.26,437.04,14.74,Illinois
TRANS_762,2024-08-20,CUST_45,Product_3,1,190.32,190.32,6.23,Utah
TRANS_763,2024-02-04,CUST_15,Product_7,3,171.53,514.59,11.54,California
TRANS_764,2024-01-18,CUST_76,Product_17,3,125.27,375.81,13.0,North Carolina
TRANS_765,2024-08-09,CUST_7,Product_17,3,118.12,354.36,17.42,Florida
TRANS_766,2024-04-20,CUST_53,Product_12,4,61.36,245.44,18.82,North Dakota
TRANS_767,2024-03-29,CUST_37,Product_5,3,161.71,485.13,17.25,Oregon
TRANS_768,2024-10-13,CUST_65,Product_6,1,58.69,58.69,5.41,Montana
TRANS_769,2024-04-29,CUST_8,Product_6,3,44.27,132.81,9.11,Colorado
TRANS_770,2024-10-26,CUST_9,Product_17,3,101.17,303.51,7.6,Wyoming
TRANS_771,2024-11-20,CUST_96,Product_9,3,10.11,30.33,19.12,Illinois
TRANS_772,2024-02-13,CUST_17,Product_8,1,108.08,108.08,19.07,Nevada
TRANS_773,2024-08-29,CUST_13,Product_8,2,140.2,280.4,17.7,Maryland
TRANS_774,2024-05-22,CUST_57,Product_16,3,59.09,177.27,13.32,Colorado
TRANS_775,2024-08-02,CUST_96,Product_18,4,96.2,384.8,19.24,Washington
TRANS_776,2024-04-17,CUST_73,Product_2,4,121.6,486.4,6.8,Washington
TRANS_777,2024-08-28,CUST_75,Product_7,3,175.36,526.08,16.36,New Hampshire
TRANS_778,2024-08-22,CUST_38,Product_19,5,196.73,983.65,18.8,Iowa
TRANS_779,2024-03-14,CUST_19,Product_8,2,182.32,364.64,12.31,Colorado
TRANS_780,2024-10-26,CUST_8,Product_20,1,182.37,182.37,15.95,Georgia
TRANS_781,2024-07-07,CUST_10,Product_15,3,193.14,579.42,18.17,Oklahoma
TRANS_782,2024-09-06,CUST_91,Product_20,4,94.71,378.84,14.71,Ohio
TRANS_783,2024-06-25,CUST_33,Product_20,5,107.68,538.4,9.56,New Mexico
TRANS_784,2024-06-16,CUST_77,Product_3,1,124.79,124.79,5.03,New Jersey
TRANS_785,2024-10-23,CUST_32,Product_11,3,28.05,84.15,9.69,Minnesota
TRANS_786,2024-04-29,CUST_92,Product_10,2,26.47,52.94,6.42,New Jersey
TRANS_787,2024-04-11,CUST_12,Product_8,5,176.5,882.5,7.83,New Jersey
TRANS_788,2024-02-28,CUST_100,Product_4,5,83.57,417.85,14.05,Montana
TRANS_789,2024-08-15,CUST_27,Product_19,1,64.64,64.64,8.08,Minnesota
TRANS_790,2024-07-06,CUST_41,Product_11,1,13.52,13.52,9.36,Florida
TRANS_791,2024-05-03,CUST_66,Product_3,3,163.76,491.28,11.03,Alaska
TRANS_792,2024-11-17,CUST_87,Product_4,1,94.75,94.75,7.8,Utah
TRANS_793,2024-04-03,CUST_57,Product_5,1,24.22,24.22,19.21,Missouri
TRANS_794,2024-11-14,CUST_60,Product_1,2,177.52,355.04,6.59,Delaware
TRANS_795,2024-07-30,CUST_44,Product_2,5,103.75,518.75,17.96,Virginia
TRANS_796,2024-11-20,CUST_36,Product_1,5,17.29,86.45,14.69,South Carolina
TRANS_797,2024-09-12,CUST_17,Product_19,5,87.21,436.05,11.37,Ohio
TRANS_798,2024-06-11,CUST_39,Product_13,1,195.45,195.45,10.78,Virginia
TRANS_799,2024-07-19,CUST_38,Product_15,2,155.44,310.88,6.41,Maryland
TRANS_800,2024-08-23,CUST_44,Product_12,3,194.79,584.37,12.54,Vermont
TRANS_801,2024-07-21,CUST_37,Product_20,3,126.12,378.36,7.04,South Dakota
TRANS_802,2024-08-07,CUST_9,Product_8,1,128.07,128.07,6.6,Pennsylvania
TRANS_803,2024-11-08,CUST_28,Product_14,1,153.1,153.1,8.32,Delaware
TRANS_804,2024-11-02,CUST_97,Product_3,3,135.79,407.37,11.15,Tennessee
TRANS_805,2024-04-16,CUST_40,Product_17,4,28.63,114.52,18.84,Florida
TRANS_806,2024-03-01,CUST_12,Product_13,2,22.02,44.04,17.41,Kentucky
TRANS_807,2024-11-20,CUST_21,Product_2,1,82.22,82.22,17.43,West Virginia
TRANS_808,2024-11-19,CUST_92,Product_15,5,20.58,102.9,15.95,Massachusetts
TRANS_809,2024-09-11,CUST_48,Product_2,3,41.1,123.3,8.7,Tennessee
TRANS_810,2024-03-16,CUST_90,Product_13,1,153.17,153.17,13.2,Maryland
TRANS_811,2024-09-11,CUST_7,Product_7,4,23.12,92.48,5.75,North Dakota
TRANS_812,2024-09-24,CUST_3,Product_4,4,101.93,407.72,15.31,Wyoming
TRANS_813,2024-11-13,CUST_46,Product_19,4,159.3,637.2,8.56,Washington
TRANS_814,2024-11-05,CUST_25,Product_6,4,31.23,124.92,17.26,Michigan
TRANS_815,2024-03-28,CUST_7,Product_13,3,180.27,540.81,10.83,West Virginia
TRANS_816,2024-01-13,CUST_72,Product_15,3,14.51,43.53,15.84,Missouri
TRANS_817,2024-11-12,CUST_76,Product_20,4,69.47,277.88,19.4,Rhode Island
TRANS_818,2024-10-03,CUST_36,Product_16,3,15.06,45.18,8.75,New Jersey
TRANS_819,2024-03-14,CUST_8,Product_19,4,109.08,436.32,13.76,Colorado
TRANS_820,2024-06-21,CUST_55,Product_15,3,171.95,515.85,15.15,Illinois
TRANS_821,2024-01-27,CUST_13,Product_4,5,144.44,722.2,15.17,New Jersey
TRANS_822,2024-08-29,CUST_1,Product_3,1,40.58,40.58,10.43,Iowa
TRANS_823,2024-09-26,CUST_24,Product_11,1,14.98,14.98,17.02,Illinois
TRANS_824,2024-01-19,CUST_61,Product_3,3,74.94,224.82,10.11,Nebraska
TRANS_825,2024-07-14,CUST_92,Product_5,5,15.15,75.75,5.16,North Dakota
TRANS_826,2024-01-23,CUST_38,Product_10,4,163.0,652.0,10.87,Delaware
TRANS_827,2024-01-24,CUST_57,Product_19,4,187.1,748.4,15.04,Tennessee
TRANS_828,2024-04-07,CUST_22,Product_4,2,168.31,336.62,10.12,New York
TRANS_829,2024-07-05,CUST_27,Product_5,5,176.14,880.7,12.02,Wyoming
TRANS_830,2024-09-04,CUST_85,Product_20,2,41.46,82.92,17.22,Oklahoma
TRANS_831,2024-07-31,CUST_25,Product_9,1,46.71,46.71,14.42,Pennsylvania
TRANS_832,2024-02-26,CUST_47,Product_9,5,167.68,838.4,9.18,Florida
TRANS_833,2024-11-15,CUST_89,Product_20,4,154.04,616.16,17.48,Utah
TRANS_834,2024-03-13,CUST_34,Product_8,3,54.78,164.34,10.73,South Carolina
TRANS_835,2024-07-16,CUST_49,Product_12,4,137.49,549.96,11.6,Connecticut
TRANS_836,2024-05-31,CUST_87,Product_15,1,73.63,73.63,13.18,Idaho
TRANS_837,2024-04-23,CUST_64,Product_12,5,111.95,559.75,19.08,Arkansas
TRANS_838,2024-06-14,CUST_30,Product_20,4,195.65,782.6,7.16,Nebraska
TRANS_839,2024-07-31,CUST_46,Product_17,2,43.4,86.8,6.8,Louisiana
TRANS_840,2024-09-19,CUST_3,Product_7,1,196.84,196.84,17.1,Tennessee
TRANS_841,2024-07-07,CUST_8,Product_16,3,38.3,114.9,16.84,Ohio
TRANS_842,2024-11-13,CUST_85,Product_10,2,130.02,260.04,5.69,New York
TRANS_843,2024-04-16,CUST_75,Product_20,2,84.97,169.94,7.4,Utah
TRANS_844,2024-09-22,CUST_13,Product_14,4,186.15,744.6,16.29,Rhode Island
TRANS_845,2024-11-10,CUST_96,Product_19,2,161.93,323.86,10.63,Idaho
TRANS_846,2024-02-14,CUST_11,Product_12,4,24.39,97.56,8.88,Kentucky
TRANS_847,2024-01-27,CUST_84,Product_14,4,163.7,654.8,19.96,North Dakota
TRANS_848,2024-07-10,CUST_32,Product_10,2,81.9,163.8,15.1,New Jersey
TRANS_849,2024-11-28,CUST_27,Product_2,5,187.46,937.3,11.06,Ohio
TRANS_850,2024-05-03,CUST_28,Product_16,5,187.76,938.8,11.23,Maryland
TRANS_851,2024-03-29,CUST_54,Product_20,2,80.21,160.42,6.61,Louisiana
TRANS_852,2024-10-17,CUST_42,Product_16,2,91.34,182.68,8.52,Utah
TRANS_853,2024-01-06,CUST_28,Product_4,3,86.81,260.43,7.25,Tennessee
TRANS_854,2024-06-21,CUST_69,Product_13,1,65.4,65.4,6.05,Florida
TRANS_855,2024-05-19,CUST_40,Product_2,2,66.61,133.22,18.7,Maryland
TRANS_856,2024-11-10,CUST_60,Product_4,5,195.29,976.45,7.96,New York
TRANS_857,2024-09-22,CUST_88,Product_14,4,123.87,495.48,16.1,Maine
TRANS_858,2024-05-29,CUST_17,Product_2,3,118.66,355.98,19.86,Michigan
TRANS_859,2024-04-15,CUST_41,Product_9,1,137.45,137.45,12.85,Rhode Island
TRANS_860,2024-11-09,CUST_22,Product_19,1,166.92,166.92,5.33,Florida
TRANS_861,2024-01-31,CUST_9,Product_4,2,188.57,377.14,18.6,Kansas
TRANS_862,2024-06-13,CUST_13,Product_11,3,55.75,167.25,5.01,Nevada
TRANS_863,2024-02-22,CUST_95,Product_4,1,180.83,180.83,16.09,Alabama
TRANS_864,2024-01-29,CUST_76,Product_17,5,38.1,190.5,12.32,New Jersey
TRANS_865,2024-10-29,CUST_55,Product_2,1,19.14,19.14,17.96,Virginia
TRANS_866,2024-04-05,CUST_84,Product_12,3,111.44,334.32,5.9,Kansas
TRANS_867,2024-05-15,CUST_87,Product_11,2,38.97,77.94,10.09,Wisconsin
TRANS_868,2024-02-21,CUST_45,Product_1,5,81.68,408.4,6.4,Colorado
TRANS_869,2024-05-09,CUST_82,Product_4,5,149.72,748.6,16.72,Montana
TRANS_870,2024-10-21,CUST_100,Product_13,2,99.97,199.94,17.44,Alabama
TRANS_871,2024-01-23,CUST_63,Product_10,5,82.8,414.0,5.21,Virginia
TRANS_872,2024-02-07,CUST_56,Product_2,3,173.51,520.53,11.81,Minnesota
TRANS_873,2024-06-29,CUST_25,Product_4,2,130.85,261.7,16.11,Alabama
TRANS_874,2024-03-12,CUST_14,Product_19,3,128.43,385.29,19.55,New Hampshire
TRANS_875,2024-05-12,CUST_11,Product_12,2,82.86,165.72,14.83,Vermont
TRANS_876,2024-03-21,CUST_78,Product_15,3,152.32,456.96,10.65,Iowa
TRANS_877,2024-04-10,CUST_12,Product_16,2,158.65,317.3,7.94,Georgia
TRANS_878,2024-06-20,CUST_12,Product_11,2,80.06,160.12,6.99,Texas
TRANS_879,2024-08-06,CUST_73,Product_16,2,20.02,40.04,13.23,Hawaii
TRANS_880,2024-07-01,CUST_16,Product_9,3,104.22,312.66,5.67,Nebraska
TRANS_881,2024-08-17,CUST_53,Product_1,4,84.82,339.28,19.0,Wyoming
TRANS_882,2024-02-20,CUST_2,Product_11,3,51.76,155.28,6.06,New York
TRANS_883,2024-07-31,CUST_56,Product_12,2,140.33,280.66,19.6,Arizona
TRANS_884,2024-10-03,CUST_89,Product_9,5,165.44,827.2,12.36,Tennessee
TRANS_885,2024-01-18,CUST_46,Product_13,1,98.72,98.72,17.95,Rhode Island
TRANS_886,2024-11-30,CUST_30,Product_18,4,147.61,590.44,13.91,Maryland
TRANS_887,2024-05-12,CUST_6,Product_16,4,12.13,48.52,14.69,Hawaii
TRANS_888,2024-07-21,CUST_23,Product_10,4,189.63,758.52,9.62,Connecticut
TRANS_889,2024-11-15,CUST_81,Product_6,5,157.1,785.5,14.72,South Carolina
TRANS_890,2024-01-30,CUST_5,Product_1,3,41.45,124.35,17.52,Minnesota
TRANS_891,2024-02-26,CUST_36,Product_17,3,65.64,196.92,7.95,Connecticut
TRANS_892,2024-08-15,CUST_81,Product_7,4,61.72,246.88,10.41,Virginia
TRANS_893,2024-10-19,CUST_2,Product_17,1,124.41,124.41,13.09,Washington
TRANS_894,2024-04-13,CUST_94,Product_2,3,63.76,191.28,9.17,Missouri
TRANS_895,2024-11-27,CUST_15,Product_6,3,85.08,255.24,11.26,Iowa
TRANS_896,2024-03-15,CUST_7,Product_11,2,52.74,105.48,14.96,New Mexico
TRANS_897,2024-01-04,CUST_28,Product_19,2,58.91,117.82,19.47,California
TRANS_898,2024-01-30,CUST_12,Product_11,2,57.84,115.68,19.25,Colorado
TRANS_899,2024-07-18,CUST_61,Product_19,1,18.35,18.35,10.86,New Hampshire
TRANS_900,2024-05-30,CUST_56,Product_9,4,77.1,308.4,7.52,Rhode Island
TRANS_901,2024-11-08,CUST_64,Product_16,5,32.88,164.4,16.87,Oklahoma
TRANS_902,2024-04-02,CUST_55,Product_19,4,198.73,794.92,11.72,Idaho
TRANS_903,2024-04-26,CUST_63,Product_5,5,17.55,87.75,15.77,Iowa
TRANS_904,2024-11-06,CUST_51,Product_17,3,190.75,572.25,11.57,Maryland
TRANS_905,2024-02-16,CUST_7,Product_3,4,87.77,351.08,16.46,Missouri
TRANS_906,2024-03-28,CUST_82,Product_11,2,115.73,231.46,11.29,Colorado
TRANS_907,2024-10-14,CUST_86,Product_18,5,183.43,917.15,17.91,Missouri
TRANS_908,2024-10-31,CUST_73,Product_13,3,25.65,76.95,10.71,Oklahoma
TRANS_909,2024-05-23,CUST_56,Product_16,3,187.02,561.06,8.38,New Hampshire
TRANS_910,2024-07-17,CUST_63,Product_13,5,17.39,86.95,19.76,Florida
TRANS_911,2024-04-17,CUST_43,Product_5,2,156.58,313.16,6.09,South Dakota
TRANS_912,2024-09-07,CUST_38,Product_19,2,148.68,297.36,10.56,Iowa
TRANS_913,2024-04-27,CUST_29,Product_20,2,30.55,61.1,14.62,Nebraska
TRANS_914,2024-08-15,CUST_47,Product_1,4,162.74,650.96,10.49,Iowa
TRANS_915,2024-11-24,CUST_26,Product_16,3,120.22,360.66,14.18,Delaware
TRANS_916,2024-03-17,CUST_85,Product_8,2,75.69,151.38,6.92,Florida
TRANS_917,2024-02-11,CUST_92,Product_7,4,96.48,385.92,11.33,Michigan
TRANS_918,2024-04-29,CUST_92,Product_3,4,54.2,216.8,13.15,Nebraska
TRANS_919,2024-05-19,CUST_88,Product_10,2,45.88,91.76,18.13,Oregon
TRANS_920,2024-08-15,CUST_39,Product_17,2,158.4,316.8,8.74,California
TRANS_921,2024-09-03,CUST_93,Product_14,4,13.67,54.68,6.22,North Dakota
TRANS_922,2024-02-08,CUST_91,Product_6,2,23.0,46.0,10.11,Illinois
TRANS_923,2024-10-04,CUST_69,Product_15,2,33.34,66.68,14.87,Colorado
TRANS_924,2024-11-08,CUST_91,Product_5,4,31.15,124.6,14.57,Arkansas
TRANS_925,2024-02-06,CUST_8,Product_5,4,78.29,313.16,5.36,Oregon
TRANS_926,2024-04-21,CUST_57,Product_3,4,122.84,491.36,15.57,Florida
TRANS_927,2024-09-17,CUST_80,Product_4,4,16.37,65.48,17.52,Virginia
TRANS_928,2024-05-26,CUST_36,Product_2,4,38.57,154.28,15.26,Ohio
TRANS_929,2024-06-18,CUST_36,Product_19,5,15.8,79.0,14.61,Kansas
TRANS_930,2024-06-29,CUST_80,Product_15,4,181.83,727.32,5.42,Florida
TRANS_931,2024-07-01,CUST_9,Product_19,3,94.65,283.95,9.86,New Hampshire
TRANS_932,2024-07-01,CUST_26,Product_19,5,192.28,961.4,9.79,Delaware
TRANS_933,2024-01-20,CUST_14,Product_12,4,34.04,136.16,19.4,Vermont
TRANS_934,2024-05-23,CUST_28,Product_14,1,121.31,121.31,15.02,New Jersey
TRANS_935,2024-05-16,CUST_80,Product_6,4,103.04,412.16,6.82,Connecticut
TRANS_936,2024-08-13,CUST_46,Product_7,4,167.46,669.84,6.35,Delaware
TRANS_937,2024-01-22,CUST_98,Product_16,5,70.49,352.45,12.1,Arizona
TRANS_938,2024-08-25,CUST_62,Product_14,5,143.66,718.3,14.49,Virginia
TRANS_939,2024-09-06,CUST_4,Product_10,4,103.57,414.28,17.61,New Jersey
TRANS_940,2024-09-02,CUST_41,Product_16,1,185.34,185.34,9.45,Oklahoma
TRANS_941,2024-04-11,CUST_57,Product_8,5,178.96,894.8,17.27,North Dakota
TRANS_942,2024-07-01,CUST_48,Product_18,4,177.87,711.48,14.37,Illinois
TRANS_943,2024-09-30,CUST_20,Product_13,1,39.26,39.26,15.1,Vermont
TRANS_944,2024-09-29,CUST_98,Product_14,4,128.77,515.08,6.0,Illinois
TRANS_945,2024-04-03,CUST_64,Product_14,4,39.39,157.56,17.62,Arizona
TRANS_946,2024-11-22,CUST_51,Product_8,4,125.36,501.44,17.76,Texas
TRANS_947,2024-02-06,CUST_72,Product_6,1,152.11,152.11,10.58,Colorado
TRANS_948,2024-10-12,CUST_95,Product_19,1,23.72,23.72,8.9,Minnesota
TRANS_949,2024-02-28,CUST_7,Product_1,5,123.68,618.4,15.45,Kansas
TRANS_950,2024-07-12,CUST_79,Product_15,1,186.01,186.01,16.23,Michigan
TRANS_951,2024-11-05,CUST_16,Product_20,4,95.05,380.2,6.43,Illinois
TRANS_952,2024-11-04,CUST_96,Product_14,3,75.95,227.85,19.44,South Dakota
TRANS_953,2024-02-29,CUST_50,Product_7,2,67.24,134.48,7.09,Arizona
TRANS_954,2024-05-06,CUST_93,Product_5,2,134.08,268.16,15.05,Wyoming
TRANS_955,2024-06-22,CUST_43,Product_4,4,121.69,486.76,12.14,Kentucky
TRANS_956,2024-10-31,CUST_17,Product_4,3,110.65,331.95,11.06,Pennsylvania
TRANS_957,2024-01-05,CUST_32,Product_10,3,64.63,193.89,7.33,North Carolina
TRANS_958,2024-05-02,CUST_88,Product_14,3,57.03,171.09,10.28,Connecticut
TRANS_959,2024-11-15,CUST_11,Product_20,1,176.52,176.52,15.6,Oklahoma
TRANS_960,2024-09-15,CUST_93,Product_2,4,73.19,292.76,5.58,New Hampshire
TRANS_961,2024-08-05,CUST_89,Product_15,4,78.02,312.08,19.62,Maryland
TRANS_962,2024-07-05,CUST_41,Product_16,1,123.66,123.66,13.7,Alabama
TRANS_963,2024-02-16,CUST_47,Product_7,2,185.97,371.94,16.58,Hawaii
TRANS_964,2024-03-28,CUST_92,Product_13,4,187.77,751.08,10.39,Iowa
TRANS_965,2024-06-16,CUST_51,Product_14,3,22.67,68.01,16.12,Rhode Island
TRANS_966,2024-11-07,CUST_81,Product_19,5,40.46,202.3,14.19,Florida
TRANS_967,2024-09-25,CUST_12,Product_15,2,126.54,253.08,15.95,Virginia
TRANS_968,2024-10-11,CUST_9,Product_18,2,164.84,329.68,13.18,Hawaii
TRANS_969,2024-04-10,CUST_8,Product_19,3,190.14,570.42,5.3,Oregon
TRANS_970,2024-02-04,CUST_4,Product_13,3,138.49,415.47,12.83,Massachusetts
TRANS_971,2024-01-16,CUST_21,Product_16,3,84.66,253.98,9.46,Delaware
TRANS_972,2024-03-29,CUST_26,Product_8,4,148.0,592.0,5.05,Nebraska
TRANS_973,2024-05-25,CUST_72,Product_11,5,170.08,850.4,16.39,Massachusetts
TRANS_974,2024-02-28,CUST_5,Product_8,4,12.8,51.2,15.57,Ohio
TRANS_975,2024-07-24,CUST_73,Product_5,4,59.65,238.6,19.53,Virginia
TRANS_976,2024-08-23,CUST_33,Product_1,4,131.31,525.24,11.54,Minnesota
TRANS_977,2024-11-20,CUST_71,Product_20,2,106.38,212.76,15.77,Colorado
TRANS_978,2024-11-25,CUST_73,Product_13,4,147.54,590.16,8.62,Colorado
TRANS_979,2024-05-16,CUST_65,Product_1,4,61.56,246.24,14.61,Virginia
TRANS_980,2024-09-22,CUST_49,Product_3,2,38.8,77.6,8.93,Illinois
TRANS_981,2024-02-29,CUST_96,Product_19,4,170.36,681.44,16.27,Texas
TRANS_982,2024-04-03,CUST_11,Product_7,1,160.38,160.38,14.83,Arkansas
TRANS_983,2024-02-11,CUST_74,Product_8,1,145.79,145.79,19.44,Tennessee
TRANS_984,2024-07-03,CUST_48,Product_12,2,97.04,194.08,17.96,Michigan
TRANS_985,2024-08-13,CUST_36,Product_11,4,10.85,43.4,16.78,Missouri
TRANS_986,2024-08-07,CUST_63,Product_16,4,72.12,288.48,7.89,Arkansas
TRANS_987,2024-03-07,CUST_25,Product_6,2,122.69,245.38,8.3,Nevada
TRANS_988,2024-08-11,CUST_69,Product_11,4,96.2,384.8,18.12,Texas
TRANS_989,2024-11-05,CUST_44,Product_13,5,65.92,329.6,19.11,North Carolina
TRANS_990,2024-11-24,CUST_87,Product_1,3,23.37,70.11,8.42,Alaska
TRANS_991,2024-03-05,CUST_29,Product_17,4,183.69,734.76,10.93,Michigan
TRANS_992,2024-04-09,CUST_97,Product_20,1,146.01,146.01,9.57,Colorado
TRANS_993,2024-04-21,CUST_60,Product_8,3,34.48,103.44,10.47,Idaho
TRANS_994,2024-02-25,CUST_72,Product_3,2,23.13,46.26,8.94,Hawaii
TRANS_995,2024-10-15,CUST_34,Product_11,4,195.73,782.92,12.1,Iowa
TRANS_996,2024-05-12,CUST_99,Product_7,2,103.08,206.16,14.21,Iowa
TRANS_997,2024-08-18,CUST_45,Product_18,1,128.71,128.71,9.71,Georgia
TRANS_998,2024-06-27,CUST_63,Product_19,4,11.15,44.6,9.45,Arkansas
TRANS_999,2024-01-06,CUST_39,Product_8,1,101.34,101.34,16.56,Illinois
TRANS_1000,2024-06-04,CUST_70,Product_13,4,99.83,399.32,16.8,Indiana
